,Ticker,Attribute,Value
0,ADS.DE,Beta (5Y Monthly),0.89
3,ADS.DE,52 Week High 3,336.25
4,ADS.DE,52 Week Low 3,231.55
5,ADS.DE,50-Day Moving Average 3,251.12
6,ADS.DE,200-Day Moving Average 3,282.58
7,ADS.DE,Avg Vol (3 month) 3,641.52k
8,ADS.DE,Avg Vol (10 day) 3,839.38k
9,ADS.DE,Shares Outstanding 5,195.07M
11,ADS.DE,Float 8,173.21M
12,ADS.DE,% Held by Insiders 1,10.29%
13,ADS.DE,% Held by Institutions 1,53.12%
19,ADS.DE,Forward Annual Dividend Rate 4,3
20,ADS.DE,Forward Annual Dividend Yield 4,1.16%
21,ADS.DE,Trailing Annual Dividend Rate 3,3.00
22,ADS.DE,Trailing Annual Dividend Yield 3,1.22%
24,ADS.DE,Payout Ratio 4,40.49%
26,ADS.DE,Ex-Dividend Date 4,"May 13, 2021"
27,ADS.DE,Last Split Factor 2,4:1
28,ADS.DE,Last Split Date 3,"Jun 06, 2006"
29,ADS.DE,Fiscal Year Ends,"Dec 31, 2020"
30,ADS.DE,Most Recent Quarter (mrq),"Sep 30, 2021"
31,ADS.DE,Profit Margin,9.12%
32,ADS.DE,Operating Margin (ttm),9.73%
33,ADS.DE,Return on Assets (ttm),6.35%
34,ADS.DE,Return on Equity (ttm),20.05%
35,ADS.DE,Revenue (ttm),22.65B
36,ADS.DE,Revenue Per Share (ttm),116.19
37,ADS.DE,Quarterly Revenue Growth (yoy),3.40%
38,ADS.DE,Gross Profit (ttm),9.85B
39,ADS.DE,EBITDA,2.61B
40,ADS.DE,Net Income Avi to Common (ttm),1.44B
41,ADS.DE,Diluted EPS (ttm),10.60
42,ADS.DE,Quarterly Earnings Growth (yoy),76.10%
43,ADS.DE,Total Cash (mrq),4.43B
44,ADS.DE,Total Cash Per Share (mrq),22.95
45,ADS.DE,Total Debt (mrq),5.27B
46,ADS.DE,Total Debt/Equity (mrq),66.01
47,ADS.DE,Current Ratio (mrq),1.66
48,ADS.DE,Book Value Per Share (mrq),39.89
49,ADS.DE,Operating Cash Flow (ttm),4.37B
50,ADS.DE,Levered Free Cash Flow (ttm),1.87B
51,ADYEN.AS,Avg Vol (3 month) 3,78.41k
52,ADYEN.AS,Avg Vol (10 day) 3,113.4k
53,ADYEN.AS,Shares Outstanding 5,30.94M
55,ADYEN.AS,Float 8,28.02M
56,ADYEN.AS,% Held by Insiders 1,23.66%
57,ADYEN.AS,% Held by Institutions 1,62.10%
68,ADYEN.AS,Payout Ratio 4,0.00%
73,ADYEN.AS,Fiscal Year Ends,"Dec 31, 2020"
74,ADYEN.AS,Most Recent Quarter (mrq),"Jun 30, 2021"
75,ADYEN.AS,Profit Margin,7.94%
76,ADYEN.AS,Operating Margin (ttm),10.31%
77,ADYEN.AS,Return on Assets (ttm),7.66%
78,ADYEN.AS,Return on Equity (ttm),30.49%
79,ADYEN.AS,Revenue (ttm),4.64B
80,ADYEN.AS,Revenue Per Share (ttm),152.76
81,ADYEN.AS,Quarterly Revenue Growth (yoy),63.70%
82,ADYEN.AS,Gross Profit (ttm),503.63M
83,ADYEN.AS,EBITDA,491.11M
84,ADYEN.AS,Net Income Avi to Common (ttm),367.95M
85,ADYEN.AS,Diluted EPS (ttm),12.01
86,ADYEN.AS,Quarterly Earnings Growth (yoy),109.20%
87,ADYEN.AS,Total Cash (mrq),3.34B
88,ADYEN.AS,Total Cash Per Share (mrq),109.83
89,ADYEN.AS,Total Debt (mrq),128.36M
90,ADYEN.AS,Total Debt/Equity (mrq),8.94
91,ADYEN.AS,Current Ratio (mrq),1.42
92,ADYEN.AS,Book Value Per Share (mrq),47.17
93,ADYEN.AS,Operating Cash Flow (ttm),1.29B
94,ADYEN.AS,Levered Free Cash Flow (ttm),1.06B
95,AD.AS,Avg Vol (3 month) 3,2.86M
96,AD.AS,Avg Vol (10 day) 3,3.39M
97,AD.AS,Shares Outstanding 5,1.01B
99,AD.AS,Float 8,1.02B
100,AD.AS,% Held by Insiders 1,0.05%
101,AD.AS,% Held by Institutions 1,52.48%
107,AD.AS,Forward Annual Dividend Rate 4,0.83
108,AD.AS,Forward Annual Dividend Yield 4,2.72%
109,AD.AS,Trailing Annual Dividend Rate 3,0.83
110,AD.AS,Trailing Annual Dividend Yield 3,2.84%
111,AD.AS,5 Year Average Dividend Yield 4,3.45
112,AD.AS,Payout Ratio 4,53.55%
114,AD.AS,Ex-Dividend Date 4,"Aug 13, 2021"
115,AD.AS,Last Split Factor 2,16:17
116,AD.AS,Last Split Date 3,"Jul 18, 2016"
117,AD.AS,Fiscal Year Ends,"Jan 03, 2021"
118,AD.AS,Most Recent Quarter (mrq),"Oct 03, 2021"
119,AD.AS,Profit Margin,2.14%
120,AD.AS,Operating Margin (ttm),5.18%
121,AD.AS,Return on Assets (ttm),5.36%
122,AD.AS,Return on Equity (ttm),12.16%
123,AD.AS,Revenue (ttm),75.05B
124,AD.AS,Revenue Per Share (ttm),72.38
125,AD.AS,Quarterly Revenue Growth (yoy),4.00%
126,AD.AS,Gross Profit (ttm),20.68B
127,AD.AS,EBITDA,5.48B
128,AD.AS,Net Income Avi to Common (ttm),1.6B
129,AD.AS,Diluted EPS (ttm),1.54
130,AD.AS,Quarterly Earnings Growth (yoy),667.60%
131,AD.AS,Total Cash (mrq),5.17B
132,AD.AS,Total Cash Per Share (mrq),5.06
133,AD.AS,Total Debt (mrq),19.17B
134,AD.AS,Total Debt/Equity (mrq),146.51
135,AD.AS,Current Ratio (mrq),0.74
136,AD.AS,Book Value Per Share (mrq),12.81
137,AD.AS,Operating Cash Flow (ttm),5.42B
138,AD.AS,Levered Free Cash Flow (ttm),2.75B
139,AI.PA,Avg Vol (3 month) 3,717.95k
140,AI.PA,Avg Vol (10 day) 3,814.64k
141,AI.PA,Shares Outstanding 5,473.65M
143,AI.PA,Float 8,463.48M
144,AI.PA,% Held by Insiders 1,2.61%
145,AI.PA,% Held by Institutions 1,29.97%
151,AI.PA,Forward Annual Dividend Rate 4,2.75
152,AI.PA,Forward Annual Dividend Yield 4,1.75%
153,AI.PA,Trailing Annual Dividend Rate 3,2.75
154,AI.PA,Trailing Annual Dividend Yield 3,1.79%
155,AI.PA,5 Year Average Dividend Yield 4,2.18
156,AI.PA,Payout Ratio 4,50.27%
158,AI.PA,Ex-Dividend Date 4,"May 17, 2021"
159,AI.PA,Last Split Factor 2,11:10
160,AI.PA,Last Split Date 3,"Oct 09, 2019"
161,AI.PA,Fiscal Year Ends,"Dec 31, 2020"
162,AI.PA,Most Recent Quarter (mrq),"Jun 30, 2021"
163,AI.PA,Profit Margin,12.33%
164,AI.PA,Operating Margin (ttm),17.48%
165,AI.PA,Return on Assets (ttm),5.25%
166,AI.PA,Return on Equity (ttm),14.07%
167,AI.PA,Revenue (ttm),21.06B
168,AI.PA,Revenue Per Share (ttm),44.62
169,AI.PA,Quarterly Revenue Growth (yoy),5.60%
170,AI.PA,Gross Profit (ttm),13.29B
171,AI.PA,EBITDA,5.49B
172,AI.PA,Net Income Avi to Common (ttm),2.6B
173,AI.PA,Diluted EPS (ttm),5.47
174,AI.PA,Quarterly Earnings Growth (yoy),14.90%
175,AI.PA,Total Cash (mrq),1.39B
176,AI.PA,Total Cash Per Share (mrq),2.94
177,AI.PA,Total Debt (mrq),14.61B
178,AI.PA,Total Debt/Equity (mrq),74.66
179,AI.PA,Current Ratio (mrq),0.75
180,AI.PA,Book Value Per Share (mrq),40.40
181,AI.PA,Operating Cash Flow (ttm),5.24B
182,AI.PA,Levered Free Cash Flow (ttm),1.9B
183,AIR.PA,Avg Vol (3 month) 3,1.62M
184,AIR.PA,Avg Vol (10 day) 3,1.67M
185,AIR.PA,Shares Outstanding 5,785.85M
187,AIR.PA,Float 8,581.99M
188,AIR.PA,% Held by Insiders 1,25.84%
189,AIR.PA,% Held by Institutions 1,31.54%
197,AIR.PA,Trailing Annual Dividend Rate 3,1.65
198,AIR.PA,Trailing Annual Dividend Yield 3,1.46%
200,AIR.PA,Payout Ratio 4,0.00%
202,AIR.PA,Ex-Dividend Date 4,"Apr 20, 2020"
205,AIR.PA,Fiscal Year Ends,"Dec 31, 2020"
206,AIR.PA,Most Recent Quarter (mrq),"Sep 30, 2021"
207,AIR.PA,Profit Margin,7.63%
208,AIR.PA,Operating Margin (ttm),10.46%
209,AIR.PA,Return on Assets (ttm),3.24%
210,AIR.PA,Return on Equity (ttm),76.81%
211,AIR.PA,Revenue (ttm),54.91B
212,AIR.PA,Revenue Per Share (ttm),69.96
213,AIR.PA,Quarterly Revenue Growth (yoy),-6.20%
214,AIR.PA,Gross Profit (ttm),6.59B
215,AIR.PA,EBITDA,7.71B
216,AIR.PA,Net Income Avi to Common (ttm),4.19B
217,AIR.PA,Diluted EPS (ttm),5.33
219,AIR.PA,Total Cash (mrq),16.65B
220,AIR.PA,Total Cash Per Share (mrq),21.19
221,AIR.PA,Total Debt (mrq),14.92B
222,AIR.PA,Total Debt/Equity (mrq),169.50
223,AIR.PA,Current Ratio (mrq),1.15
224,AIR.PA,Book Value Per Share (mrq),11.18
225,AIR.PA,Operating Cash Flow (ttm),8.81B
226,AIR.PA,Levered Free Cash Flow (ttm),7.69B
227,ALV.DE,Avg Vol (3 month) 3,899.91k
228,ALV.DE,Avg Vol (10 day) 3,1.08M
229,ALV.DE,Shares Outstanding 5,408.46M
231,ALV.DE,Float 8,414.73M
232,ALV.DE,% Held by Insiders 1,0.00%
233,ALV.DE,% Held by Institutions 1,40.18%
239,ALV.DE,Forward Annual Dividend Rate 4,9.6
240,ALV.DE,Forward Annual Dividend Yield 4,4.45%
241,ALV.DE,Trailing Annual Dividend Rate 3,9.60
242,ALV.DE,Trailing Annual Dividend Yield 3,4.23%
243,ALV.DE,5 Year Average Dividend Yield 4,4.53
244,ALV.DE,Payout Ratio 4,46.15%
246,ALV.DE,Ex-Dividend Date 4,"May 06, 2021"
249,ALV.DE,Fiscal Year Ends,"Dec 31, 2020"
250,ALV.DE,Most Recent Quarter (mrq),"Sep 30, 2021"
251,ALV.DE,Profit Margin,7.28%
252,ALV.DE,Operating Margin (ttm),13.28%
253,ALV.DE,Return on Assets (ttm),0.94%
254,ALV.DE,Return on Equity (ttm),11.23%
255,ALV.DE,Revenue (ttm),119.85B
256,ALV.DE,Revenue Per Share (ttm),288.44
257,ALV.DE,Quarterly Revenue Growth (yoy),3.80%
258,ALV.DE,Gross Profit (ttm),27.92B
259,ALV.DE,EBITDA,17.07B
260,ALV.DE,Net Income Avi to Common (ttm),8.72B
261,ALV.DE,Diluted EPS (ttm),20.88
262,ALV.DE,Quarterly Earnings Growth (yoy),2.30%
263,ALV.DE,Total Cash (mrq),21.94B
264,ALV.DE,Total Cash Per Share (mrq),52.89
265,ALV.DE,Total Debt (mrq),36.25B
266,ALV.DE,Total Debt/Equity (mrq),42.47
267,ALV.DE,Current Ratio (mrq),0.97
268,ALV.DE,Book Value Per Share (mrq),196.85
271,ABI.BR,Avg Vol (3 month) 3,1.7M
272,ABI.BR,Avg Vol (10 day) 3,1.92M
273,ABI.BR,Shares Outstanding 5,1.74B
275,ABI.BR,Float 8,769.98M
276,ABI.BR,% Held by Insiders 1,48.74%
277,ABI.BR,% Held by Institutions 1,14.18%
283,ABI.BR,Forward Annual Dividend Rate 4,0.5
284,ABI.BR,Forward Annual Dividend Yield 4,0.90%
285,ABI.BR,Trailing Annual Dividend Rate 3,0.61
286,ABI.BR,Trailing Annual Dividend Yield 3,1.09%
287,ABI.BR,5 Year Average Dividend Yield 4,3.00
288,ABI.BR,Payout Ratio 4,41.81%
290,ABI.BR,Ex-Dividend Date 4,"May 04, 2021"
293,ABI.BR,Fiscal Year Ends,"Dec 31, 2020"
294,ABI.BR,Most Recent Quarter (mrq),"Sep 30, 2021"
295,ABI.BR,Profit Margin,9.40%
296,ABI.BR,Operating Margin (ttm),26.13%
299,ABI.BR,Revenue (ttm),52.87B
300,ABI.BR,Revenue Per Share (ttm),26.37
301,ABI.BR,Quarterly Revenue Growth (yoy),11.40%
302,ABI.BR,Gross Profit (ttm),27.25B
303,ABI.BR,EBITDA,17.18B
304,ABI.BR,Net Income Avi to Common (ttm),4.97B
305,ABI.BR,Diluted EPS (ttm),2.18
306,ABI.BR,Quarterly Earnings Growth (yoy),-75.90%
307,ABI.BR,Total Cash (mrq),7.08B
308,ABI.BR,Total Cash Per Share (mrq),3.57
309,ABI.BR,Total Debt (mrq),90.64B
310,ABI.BR,Total Debt/Equity (mrq),113.92
312,ABI.BR,Book Value Per Share (mrq),34.65
315,ASML.AS,Avg Vol (3 month) 3,828.6k
316,ASML.AS,Avg Vol (10 day) 3,1.06M
317,ASML.AS,Shares Outstanding 5,406.47M
319,ASML.AS,Float 8,407.8M
320,ASML.AS,% Held by Insiders 1,0.01%
321,ASML.AS,% Held by Institutions 1,57.12%
327,ASML.AS,Forward Annual Dividend Rate 4,3.35
328,ASML.AS,Forward Annual Dividend Yield 4,0.48%
329,ASML.AS,Trailing Annual Dividend Rate 3,3.35
330,ASML.AS,Trailing Annual Dividend Yield 3,0.56%
331,ASML.AS,5 Year Average Dividend Yield 4,0.83
332,ASML.AS,Payout Ratio 4,20.83%
334,ASML.AS,Ex-Dividend Date 4,"Nov 02, 2021"
335,ASML.AS,Last Split Factor 2,77:100
336,ASML.AS,Last Split Date 3,"Nov 26, 2012"
337,ASML.AS,Fiscal Year Ends,"Dec 31, 2020"
338,ASML.AS,Most Recent Quarter (mrq),"Oct 03, 2021"
339,ASML.AS,Profit Margin,30.54%
340,ASML.AS,Operating Margin (ttm),34.83%
341,ASML.AS,Return on Assets (ttm),14.76%
342,ASML.AS,Return on Equity (ttm),43.26%
343,ASML.AS,Revenue (ttm),17.88B
344,ASML.AS,Revenue Per Share (ttm),43.31
345,ASML.AS,Quarterly Revenue Growth (yoy),32.40%
346,ASML.AS,Gross Profit (ttm),6.8B
347,ASML.AS,EBITDA,6.6B
348,ASML.AS,Net Income Avi to Common (ttm),5.46B
349,ASML.AS,Diluted EPS (ttm),13.20
350,ASML.AS,Quarterly Earnings Growth (yoy),63.90%
351,ASML.AS,Total Cash (mrq),4.46B
352,ASML.AS,Total Cash Per Share (mrq),10.92
353,ASML.AS,Total Debt (mrq),4.11B
354,ASML.AS,Total Debt/Equity (mrq),35.69
355,ASML.AS,Current Ratio (mrq),1.71
356,ASML.AS,Book Value Per Share (mrq),28.20
357,ASML.AS,Operating Cash Flow (ttm),9.1B
358,ASML.AS,Levered Free Cash Flow (ttm),6.56B
359,CS.PA,Avg Vol (3 month) 3,5.55M
360,CS.PA,Avg Vol (10 day) 3,6.32M
361,CS.PA,Shares Outstanding 5,2.39B
363,CS.PA,Float 8,1.92B
364,CS.PA,% Held by Insiders 1,18.80%
365,CS.PA,% Held by Institutions 1,40.26%
371,CS.PA,Forward Annual Dividend Rate 4,1.43
372,CS.PA,Forward Annual Dividend Yield 4,5.30%
373,CS.PA,Trailing Annual Dividend Rate 3,1.43
374,CS.PA,Trailing Annual Dividend Yield 3,5.02%
376,CS.PA,Payout Ratio 4,61.64%
378,CS.PA,Ex-Dividend Date 4,"May 07, 2021"
379,CS.PA,Last Split Factor 2,4:1
380,CS.PA,Last Split Date 3,"May 16, 2001"
381,CS.PA,Fiscal Year Ends,"Dec 31, 2020"
382,CS.PA,Most Recent Quarter (mrq),"Jun 30, 2021"
383,CS.PA,Profit Margin,4.71%
384,CS.PA,Operating Margin (ttm),6.57%
385,CS.PA,Return on Assets (ttm),0.63%
386,CS.PA,Return on Equity (ttm),7.26%
387,CS.PA,Revenue (ttm),121.58B
388,CS.PA,Revenue Per Share (ttm),51.03
389,CS.PA,Quarterly Revenue Growth (yoy),17.80%
390,CS.PA,Gross Profit (ttm),16.02B
391,CS.PA,EBITDA,8.84B
392,CS.PA,Net Income Avi to Common (ttm),5.55B
393,CS.PA,Diluted EPS (ttm),2.32
394,CS.PA,Quarterly Earnings Growth (yoy),179.60%
395,CS.PA,Total Cash (mrq),26.79B
396,CS.PA,Total Cash Per Share (mrq),11.22
397,CS.PA,Total Debt (mrq),55.92B
398,CS.PA,Total Debt/Equity (mrq),69.77
399,CS.PA,Current Ratio (mrq),2.70
400,CS.PA,Book Value Per Share (mrq),28.67
401,CS.PA,Operating Cash Flow (ttm),17.22B
402,CS.PA,Levered Free Cash Flow (ttm),8.83B
403,BAS.DE,Avg Vol (3 month) 3,3.02M
404,BAS.DE,Avg Vol (10 day) 3,3.61M
405,BAS.DE,Shares Outstanding 5,918.48M
407,BAS.DE,Float 8,918.26M
408,BAS.DE,% Held by Insiders 1,0.00%
409,BAS.DE,% Held by Institutions 1,29.05%
415,BAS.DE,Forward Annual Dividend Rate 4,3.3
416,BAS.DE,Forward Annual Dividend Yield 4,5.05%
417,BAS.DE,Trailing Annual Dividend Rate 3,3.30
418,BAS.DE,Trailing Annual Dividend Yield 3,4.86%
419,BAS.DE,5 Year Average Dividend Yield 4,4.73
420,BAS.DE,Payout Ratio 4,56.41%
422,BAS.DE,Ex-Dividend Date 4,"Apr 30, 2021"
423,BAS.DE,Last Split Factor 2,2:1
424,BAS.DE,Last Split Date 3,"Jun 27, 2008"
425,BAS.DE,Fiscal Year Ends,"Dec 31, 2020"
426,BAS.DE,Most Recent Quarter (mrq),"Sep 30, 2021"
427,BAS.DE,Profit Margin,7.60%
428,BAS.DE,Operating Margin (ttm),13.71%
429,BAS.DE,Return on Assets (ttm),7.40%
430,BAS.DE,Return on Equity (ttm),15.26%
431,BAS.DE,Revenue (ttm),74.73B
432,BAS.DE,Revenue Per Share (ttm),81.36
433,BAS.DE,Quarterly Revenue Growth (yoy),42.40%
434,BAS.DE,Gross Profit (ttm),14.77B
435,BAS.DE,EBITDA,13.75B
436,BAS.DE,Net Income Avi to Common (ttm),5.38B
437,BAS.DE,Diluted EPS (ttm),6.18
439,BAS.DE,Total Cash (mrq),3.1B
440,BAS.DE,Total Cash Per Share (mrq),3.37
441,BAS.DE,Total Debt (mrq),19.78B
442,BAS.DE,Total Debt/Equity (mrq),48.70
443,BAS.DE,Current Ratio (mrq),1.70
444,BAS.DE,Book Value Per Share (mrq),42.89
445,BAS.DE,Operating Cash Flow (ttm),6.01B
446,BAS.DE,Levered Free Cash Flow (ttm),3.84B
447,BAYN.DE,Avg Vol (3 month) 3,3.08M
448,BAYN.DE,Avg Vol (10 day) 3,3.52M
449,BAYN.DE,Shares Outstanding 5,982.42M
451,BAYN.DE,Float 8,982.42M
452,BAYN.DE,% Held by Insiders 1,0.00%
453,BAYN.DE,% Held by Institutions 1,38.22%
459,BAYN.DE,Forward Annual Dividend Rate 4,2
460,BAYN.DE,Forward Annual Dividend Yield 4,3.80%
461,BAYN.DE,Trailing Annual Dividend Rate 3,2.00
462,BAYN.DE,Trailing Annual Dividend Yield 3,3.72%
463,BAYN.DE,5 Year Average Dividend Yield 4,3.92
466,BAYN.DE,Ex-Dividend Date 4,"Apr 28, 2021"
469,BAYN.DE,Fiscal Year Ends,"Dec 31, 2020"
470,BAYN.DE,Most Recent Quarter (mrq),"Sep 30, 2021"
471,BAYN.DE,Profit Margin,0.34%
472,BAYN.DE,Operating Margin (ttm),60.27%
473,BAYN.DE,Return on Assets (ttm),13.71%
474,BAYN.DE,Return on Equity (ttm),0.76%
475,BAYN.DE,Revenue (ttm),42.96B
476,BAYN.DE,Revenue Per Share (ttm),43.73
477,BAYN.DE,Quarterly Revenue Growth (yoy),15.00%
478,BAYN.DE,Gross Profit (ttm),25.67B
479,BAYN.DE,EBITDA,19.58B
480,BAYN.DE,Net Income Avi to Common (ttm),222M
481,BAYN.DE,Diluted EPS (ttm),0.15
483,BAYN.DE,Total Cash (mrq),8.22B
484,BAYN.DE,Total Cash Per Share (mrq),8.37
485,BAYN.DE,Total Debt (mrq),41.77B
486,BAYN.DE,Total Debt/Equity (mrq),133.55
487,BAYN.DE,Current Ratio (mrq),1.11
488,BAYN.DE,Book Value Per Share (mrq),31.66
489,BAYN.DE,Operating Cash Flow (ttm),2.79B
490,BAYN.DE,Levered Free Cash Flow (ttm),3.57B
491,BBVA.MC,Beta (5Y Monthly),2.04
494,BBVA.MC,52 Week High 3,6.29
495,BBVA.MC,52 Week Low 3,4.22
496,BBVA.MC,50-Day Moving Average 3,5.34
497,BBVA.MC,200-Day Moving Average 3,5.44
498,BBVA.MC,Avg Vol (3 month) 3,23.5M
499,BBVA.MC,Avg Vol (10 day) 3,28.1M
500,BBVA.MC,Shares Outstanding 5,6.54B
502,BBVA.MC,Float 8,6.58B
503,BBVA.MC,% Held by Insiders 1,0.02%
504,BBVA.MC,% Held by Institutions 1,35.21%
510,BBVA.MC,Forward Annual Dividend Rate 4,0.14
511,BBVA.MC,Forward Annual Dividend Yield 4,2.58%
512,BBVA.MC,Trailing Annual Dividend Rate 3,0.14
513,BBVA.MC,Trailing Annual Dividend Yield 3,2.39%
514,BBVA.MC,5 Year Average Dividend Yield 4,4.91
515,BBVA.MC,Payout Ratio 4,10.73%
517,BBVA.MC,Ex-Dividend Date 4,"Oct 08, 2021"
518,BBVA.MC,Last Split Factor 2,82:83
519,BBVA.MC,Last Split Date 3,"Sep 30, 2013"
520,BBVA.MC,Fiscal Year Ends,"Dec 31, 2020"
521,BBVA.MC,Most Recent Quarter (mrq),"Sep 30, 2021"
522,BBVA.MC,Profit Margin,26.09%
523,BBVA.MC,Operating Margin (ttm),46.57%
524,BBVA.MC,Return on Assets (ttm),0.71%
525,BBVA.MC,Return on Equity (ttm),9.88%
526,BBVA.MC,Revenue (ttm),17.75B
527,BBVA.MC,Revenue Per Share (ttm),2.67
528,BBVA.MC,Quarterly Revenue Growth (yoy),13.50%
529,BBVA.MC,Gross Profit (ttm),15.49B
531,BBVA.MC,Net Income Avi to Common (ttm),3.67B
532,BBVA.MC,Diluted EPS (ttm),0.64
533,BBVA.MC,Quarterly Earnings Growth (yoy),22.60%
534,BBVA.MC,Total Cash (mrq),121.85B
535,BBVA.MC,Total Cash Per Share (mrq),18.32
536,BBVA.MC,Total Debt (mrq),107.76B
539,BBVA.MC,Book Value Per Share (mrq),6.76
540,BBVA.MC,Operating Cash Flow (ttm),-3.32B
542,SAN.MC,Avg Vol (3 month) 3,53.51M
543,SAN.MC,Avg Vol (10 day) 3,62.68M
544,SAN.MC,Shares Outstanding 5,17.05B
546,SAN.MC,Float 8,17.16B
547,SAN.MC,% Held by Insiders 1,0.73%
548,SAN.MC,% Held by Institutions 1,30.99%
554,SAN.MC,Forward Annual Dividend Rate 4,0.08
555,SAN.MC,Forward Annual Dividend Yield 4,2.58%
556,SAN.MC,Trailing Annual Dividend Rate 3,0.08
557,SAN.MC,Trailing Annual Dividend Yield 3,2.52%
559,SAN.MC,Payout Ratio 4,8.54%
561,SAN.MC,Ex-Dividend Date 4,"Oct 29, 2021"
562,SAN.MC,Last Split Factor 2,24:23
563,SAN.MC,Last Split Date 3,"Nov 16, 2020"
564,SAN.MC,Fiscal Year Ends,"Dec 31, 2020"
565,SAN.MC,Most Recent Quarter (mrq),"Sep 30, 2021"
566,SAN.MC,Profit Margin,16.69%
567,SAN.MC,Operating Margin (ttm),40.92%
568,SAN.MC,Return on Assets (ttm),0.49%
569,SAN.MC,Return on Equity (ttm),8.10%
570,SAN.MC,Revenue (ttm),36.7B
571,SAN.MC,Revenue Per Share (ttm),1.94
572,SAN.MC,Quarterly Revenue Growth (yoy),12.70%
573,SAN.MC,Gross Profit (ttm),31.84B
575,SAN.MC,Net Income Avi to Common (ttm),5.57B
576,SAN.MC,Diluted EPS (ttm),0.2950
577,SAN.MC,Quarterly Earnings Growth (yoy),24.20%
578,SAN.MC,Total Cash (mrq),355.2B
579,SAN.MC,Total Cash Per Share (mrq),20.5
580,SAN.MC,Total Debt (mrq),305.59B
583,SAN.MC,Book Value Per Share (mrq),4.93
586,BMW.DE,Beta (5Y Monthly),1.25
589,BMW.DE,52 Week High 3,100.42
590,BMW.DE,52 Week Low 3,68.87
591,BMW.DE,50-Day Moving Average 3,91.83
592,BMW.DE,200-Day Moving Average 3,87.41
593,BMW.DE,Avg Vol (3 month) 3,1.21M
594,BMW.DE,Avg Vol (10 day) 3,1.4M
595,BMW.DE,Shares Outstanding 5,602M
597,BMW.DE,Float 8,432.73M
598,BMW.DE,% Held by Insiders 1,46.74%
599,BMW.DE,% Held by Institutions 1,21.66%
605,BMW.DE,Forward Annual Dividend Rate 4,1.9
606,BMW.DE,Forward Annual Dividend Yield 4,2.02%
607,BMW.DE,Trailing Annual Dividend Rate 3,1.90
608,BMW.DE,Trailing Annual Dividend Yield 3,2.03%
609,BMW.DE,5 Year Average Dividend Yield 4,4.31
610,BMW.DE,Payout Ratio 4,10.61%
612,BMW.DE,Ex-Dividend Date 4,"May 14, 2021"
615,BMW.DE,Fiscal Year Ends,"Dec 31, 2020"
616,BMW.DE,Most Recent Quarter (mrq),"Sep 30, 2021"
617,BMW.DE,Profit Margin,10.51%
618,BMW.DE,Operating Margin (ttm),10.85%
619,BMW.DE,Return on Assets (ttm),3.42%
620,BMW.DE,Return on Equity (ttm),17.92%
621,BMW.DE,Revenue (ttm),112.31B
622,BMW.DE,Revenue Per Share (ttm),170.25
623,BMW.DE,Quarterly Revenue Growth (yoy),4.50%
624,BMW.DE,Gross Profit (ttm),12.21B
625,BMW.DE,EBITDA,16.23B
626,BMW.DE,Net Income Avi to Common (ttm),11.81B
627,BMW.DE,Diluted EPS (ttm),17.90
628,BMW.DE,Quarterly Earnings Growth (yoy),43.60%
629,BMW.DE,Total Cash (mrq),14.33B
630,BMW.DE,Total Cash Per Share (mrq),21.72
631,BMW.DE,Total Debt (mrq),104.5B
632,BMW.DE,Total Debt/Equity (mrq),144.44
633,BMW.DE,Current Ratio (mrq),1.13
634,BMW.DE,Book Value Per Share (mrq),108.59
635,BMW.DE,Operating Cash Flow (ttm),16.95B
636,BMW.DE,Levered Free Cash Flow (ttm),2.59B
637,BNP.PA,Avg Vol (3 month) 3,3.24M
638,BNP.PA,Avg Vol (10 day) 3,4.21M
639,BNP.PA,Shares Outstanding 5,1.23B
641,BNP.PA,Float 8,1.09B
642,BNP.PA,% Held by Insiders 1,13.20%
643,BNP.PA,% Held by Institutions 1,45.94%
649,BNP.PA,Forward Annual Dividend Rate 4,2.66
650,BNP.PA,Forward Annual Dividend Yield 4,4.21%
651,BNP.PA,Trailing Annual Dividend Rate 3,1.11
652,BNP.PA,Trailing Annual Dividend Yield 3,1.75%
654,BNP.PA,Payout Ratio 4,39.86%
656,BNP.PA,Ex-Dividend Date 4,"Sep 28, 2021"
657,BNP.PA,Last Split Factor 2,2:1
658,BNP.PA,Last Split Date 3,"Feb 20, 2002"
659,BNP.PA,Fiscal Year Ends,"Dec 31, 2020"
660,BNP.PA,Most Recent Quarter (mrq),"Sep 30, 2021"
661,BNP.PA,Profit Margin,20.32%
662,BNP.PA,Operating Margin (ttm),28.49%
663,BNP.PA,Return on Assets (ttm),0.34%
664,BNP.PA,Return on Equity (ttm),7.71%
665,BNP.PA,Revenue (ttm),43.18B
666,BNP.PA,Revenue Per Share (ttm),34.61
667,BNP.PA,Quarterly Revenue Growth (yoy),11.90%
668,BNP.PA,Gross Profit (ttm),39.59B
670,BNP.PA,Net Income Avi to Common (ttm),8.33B
671,BNP.PA,Diluted EPS (ttm),6.68
672,BNP.PA,Quarterly Earnings Growth (yoy),32.20%
673,BNP.PA,Total Cash (mrq),1.21T
674,BNP.PA,Total Cash Per Share (mrq),969.91
675,BNP.PA,Total Debt (mrq),520.91B
678,BNP.PA,Book Value Per Share (mrq),93.23
681,CRG.IR,Avg Vol (3 month) 3,1.76M
682,CRG.IR,Avg Vol (10 day) 3,2.43M
683,CRG.IR,Shares Outstanding 5,770.66M
685,CRG.IR,Float 8,784.13M
686,CRG.IR,% Held by Insiders 1,0.02%
687,CRG.IR,% Held by Institutions 1,53.57%
693,CRG.IR,Forward Annual Dividend Rate 4,0.97
694,CRG.IR,Forward Annual Dividend Yield 4,2.03%
695,CRG.IR,Trailing Annual Dividend Rate 3,1.16
696,CRG.IR,Trailing Annual Dividend Yield 3,2.51%
697,CRG.IR,5 Year Average Dividend Yield 4,2.37
698,CRG.IR,Payout Ratio 4,60.43%
700,CRG.IR,Ex-Dividend Date 4,"Sep 09, 2021"
701,CRG.IR,Last Split Factor 2,1:1
702,CRG.IR,Last Split Date 3,"Mar 10, 2010"
703,CRG.IR,Fiscal Year Ends,"Dec 31, 2020"
704,CRG.IR,Most Recent Quarter (mrq),"Jun 30, 2021"
705,CRG.IR,Profit Margin,5.11%
706,CRG.IR,Operating Margin (ttm),9.83%
707,CRG.IR,Return on Assets (ttm),3.91%
708,CRG.IR,Return on Equity (ttm),8.07%
709,CRG.IR,Revenue (ttm),29.42B
710,CRG.IR,Revenue Per Share (ttm),37.49
711,CRG.IR,Quarterly Revenue Growth (yoy),15.00%
712,CRG.IR,Gross Profit (ttm),9.42B
713,CRG.IR,EBITDA,4.33B
714,CRG.IR,Net Income Avi to Common (ttm),1.5B
715,CRG.IR,Diluted EPS (ttm),1.68
716,CRG.IR,Quarterly Earnings Growth (yoy),94.80%
717,CRG.IR,Total Cash (mrq),6.29B
718,CRG.IR,Total Cash Per Share (mrq),8.02
719,CRG.IR,Total Debt (mrq),12.47B
720,CRG.IR,Total Debt/Equity (mrq),62.14
721,CRG.IR,Current Ratio (mrq),1.88
722,CRG.IR,Book Value Per Share (mrq),24.70
723,CRG.IR,Operating Cash Flow (ttm),4.5B
724,CRG.IR,Levered Free Cash Flow (ttm),3.07B
725,DAI.DE,Beta (5Y Monthly),1.47
728,DAI.DE,52 Week High 3,91.63
729,DAI.DE,52 Week Low 3,64.12
730,DAI.DE,50-Day Moving Average 3,71.21
731,DAI.DE,200-Day Moving Average 3,75.64
732,DAI.DE,Avg Vol (3 month) 3,3.19M
733,DAI.DE,Avg Vol (10 day) 3,2.22M
734,DAI.DE,Shares Outstanding 5,1.07B
736,DAI.DE,Float 8,753.65M
737,DAI.DE,% Held by Insiders 1,18.35%
738,DAI.DE,% Held by Institutions 1,34.66%
744,DAI.DE,Forward Annual Dividend Rate 4,1.35
745,DAI.DE,Forward Annual Dividend Yield 4,1.82%
746,DAI.DE,Trailing Annual Dividend Rate 3,1.35
747,DAI.DE,Trailing Annual Dividend Yield 3,1.92%
748,DAI.DE,5 Year Average Dividend Yield 4,5.05
749,DAI.DE,Payout Ratio 4,12.49%
751,DAI.DE,Ex-Dividend Date 4,"Apr 01, 2021"
754,DAI.DE,Fiscal Year Ends,"Dec 31, 2020"
755,DAI.DE,Most Recent Quarter (mrq),"Sep 30, 2021"
756,DAI.DE,Profit Margin,8.25%
757,DAI.DE,Operating Margin (ttm),9.22%
758,DAI.DE,Return on Assets (ttm),3.33%
759,DAI.DE,Return on Equity (ttm),17.83%
760,DAI.DE,Revenue (ttm),167.87B
761,DAI.DE,Revenue Per Share (ttm),156.91
762,DAI.DE,Quarterly Revenue Growth (yoy),0.10%
763,DAI.DE,Gross Profit (ttm),25.43B
764,DAI.DE,EBITDA,20.02B
765,DAI.DE,Net Income Avi to Common (ttm),11.54B
766,DAI.DE,Diluted EPS (ttm),12.94
767,DAI.DE,Quarterly Earnings Growth (yoy),20.50%
768,DAI.DE,Total Cash (mrq),21.22B
769,DAI.DE,Total Cash Per Share (mrq),19.84
770,DAI.DE,Total Debt (mrq),130.71B
771,DAI.DE,Total Debt/Equity (mrq),173.66
772,DAI.DE,Current Ratio (mrq),1.30
773,DAI.DE,Book Value Per Share (mrq),68.87
774,DAI.DE,Operating Cash Flow (ttm),25.54B
775,DAI.DE,Levered Free Cash Flow (ttm),-11.71B
776,BN.PA,Avg Vol (3 month) 3,1.55M
777,BN.PA,Avg Vol (10 day) 3,1.71M
778,BN.PA,Shares Outstanding 5,638.09M
780,BN.PA,Float 8,641.85M
781,BN.PA,% Held by Insiders 1,2.65%
782,BN.PA,% Held by Institutions 1,55.26%
788,BN.PA,Forward Annual Dividend Rate 4,1.94
789,BN.PA,Forward Annual Dividend Yield 4,3.36%
790,BN.PA,Trailing Annual Dividend Rate 3,1.94
791,BN.PA,Trailing Annual Dividend Yield 3,3.47%
793,BN.PA,Payout Ratio 4,131.60%
795,BN.PA,Ex-Dividend Date 4,"May 10, 2021"
796,BN.PA,Last Split Factor 2,2:1
797,BN.PA,Last Split Date 3,"Jun 01, 2007"
798,BN.PA,Fiscal Year Ends,"Dec 31, 2020"
799,BN.PA,Most Recent Quarter (mrq),"Jun 30, 2021"
800,BN.PA,Profit Margin,8.64%
801,BN.PA,Operating Margin (ttm),13.65%
802,BN.PA,Return on Assets (ttm),4.30%
803,BN.PA,Return on Equity (ttm),12.56%
804,BN.PA,Revenue (ttm),23.27B
805,BN.PA,Revenue Per Share (ttm),35.80
806,BN.PA,Quarterly Revenue Growth (yoy),-2.90%
807,BN.PA,Gross Profit (ttm),11.35B
808,BN.PA,EBITDA,4.59B
809,BN.PA,Net Income Avi to Common (ttm),1.99B
810,BN.PA,Diluted EPS (ttm),3.07
811,BN.PA,Quarterly Earnings Growth (yoy),5.20%
812,BN.PA,Total Cash (mrq),6.29B
813,BN.PA,Total Cash Per Share (mrq),9.66
814,BN.PA,Total Debt (mrq),17.66B
815,BN.PA,Total Debt/Equity (mrq),105.75
816,BN.PA,Current Ratio (mrq),1.10
817,BN.PA,Book Value Per Share (mrq),25.50
818,BN.PA,Operating Cash Flow (ttm),3.04B
819,BN.PA,Levered Free Cash Flow (ttm),627M
820,DB1.DE,Avg Vol (3 month) 3,457.36k
821,DB1.DE,Avg Vol (10 day) 3,548.34k
822,DB1.DE,Shares Outstanding 5,183.52M
824,DB1.DE,Float 8,183.49M
825,DB1.DE,% Held by Insiders 1,0.00%
826,DB1.DE,% Held by Institutions 1,60.42%
832,DB1.DE,Forward Annual Dividend Rate 4,3
833,DB1.DE,Forward Annual Dividend Yield 4,2.05%
834,DB1.DE,Trailing Annual Dividend Rate 3,3.00
835,DB1.DE,Trailing Annual Dividend Yield 3,1.93%
836,DB1.DE,5 Year Average Dividend Yield 4,2.18
837,DB1.DE,Payout Ratio 4,47.54%
839,DB1.DE,Ex-Dividend Date 4,"May 20, 2021"
840,DB1.DE,Last Split Factor 2,10:1
841,DB1.DE,Last Split Date 3,"Jun 01, 2001"
842,DB1.DE,Fiscal Year Ends,"Dec 31, 2020"
843,DB1.DE,Most Recent Quarter (mrq),"Sep 30, 2021"
844,DB1.DE,Profit Margin,27.69%
845,DB1.DE,Operating Margin (ttm),41.96%
846,DB1.DE,Return on Assets (ttm),0.59%
847,DB1.DE,Return on Equity (ttm),17.69%
848,DB1.DE,Revenue (ttm),4.18B
849,DB1.DE,Revenue Per Share (ttm),22.78
850,DB1.DE,Quarterly Revenue Growth (yoy),31.80%
851,DB1.DE,Gross Profit (ttm),3.17B
852,DB1.DE,EBITDA,1.94B
853,DB1.DE,Net Income Avi to Common (ttm),1.16B
854,DB1.DE,Diluted EPS (ttm),6.31
855,DB1.DE,Quarterly Earnings Growth (yoy),32.20%
856,DB1.DE,Total Cash (mrq),20.88B
857,DB1.DE,Total Cash Per Share (mrq),113.79
858,DB1.DE,Total Debt (mrq),4.79B
859,DB1.DE,Total Debt/Equity (mrq),65.89
860,DB1.DE,Current Ratio (mrq),1.01
861,DB1.DE,Book Value Per Share (mrq),36.92
864,DPW.DE,Avg Vol (3 month) 3,2.32M
865,DPW.DE,Avg Vol (10 day) 3,2.78M
866,DPW.DE,Shares Outstanding 5,1.24B
868,DPW.DE,Float 8,972.66M
869,DPW.DE,% Held by Insiders 1,20.49%
870,DPW.DE,% Held by Institutions 1,34.98%
876,DPW.DE,Forward Annual Dividend Rate 4,1.35
877,DPW.DE,Forward Annual Dividend Yield 4,2.37%
878,DPW.DE,Trailing Annual Dividend Rate 3,1.35
879,DPW.DE,Trailing Annual Dividend Yield 3,2.47%
881,DPW.DE,Payout Ratio 4,34.97%
883,DPW.DE,Ex-Dividend Date 4,"May 07, 2021"
886,DPW.DE,Fiscal Year Ends,"Dec 31, 2020"
887,DPW.DE,Most Recent Quarter (mrq),"Sep 30, 2021"
888,DPW.DE,Profit Margin,6.26%
889,DPW.DE,Operating Margin (ttm),9.41%
890,DPW.DE,Return on Assets (ttm),8.09%
891,DPW.DE,Return on Equity (ttm),33.39%
892,DPW.DE,Revenue (ttm),77.82B
893,DPW.DE,Revenue Per Share (ttm),62.95
894,DPW.DE,Quarterly Revenue Growth (yoy),23.50%
895,DPW.DE,Gross Profit (ttm),11.25B
896,DPW.DE,EBITDA,8.96B
897,DPW.DE,Net Income Avi to Common (ttm),4.87B
898,DPW.DE,Diluted EPS (ttm),3.85
899,DPW.DE,Quarterly Earnings Growth (yoy),27.70%
900,DPW.DE,Total Cash (mrq),5.91B
901,DPW.DE,Total Cash Per Share (mrq),4.81
902,DPW.DE,Total Debt (mrq),19.42B
903,DPW.DE,Total Debt/Equity (mrq),110.06
904,DPW.DE,Current Ratio (mrq),1.05
905,DPW.DE,Book Value Per Share (mrq),14.09
906,DPW.DE,Operating Cash Flow (ttm),10.3B
907,DPW.DE,Levered Free Cash Flow (ttm),4.79B
908,DTE.DE,Avg Vol (3 month) 3,10.38M
909,DTE.DE,Avg Vol (10 day) 3,13.05M
910,DTE.DE,Shares Outstanding 5,4.99B
912,DTE.DE,Float 8,4.1B
913,DTE.DE,% Held by Insiders 1,18.36%
914,DTE.DE,% Held by Institutions 1,42.75%
920,DTE.DE,Forward Annual Dividend Rate 4,0.64
921,DTE.DE,Forward Annual Dividend Yield 4,4.01%
922,DTE.DE,Trailing Annual Dividend Rate 3,0.60
923,DTE.DE,Trailing Annual Dividend Yield 3,3.56%
925,DTE.DE,Payout Ratio 4,52.63%
927,DTE.DE,Ex-Dividend Date 4,"Apr 08, 2022"
930,DTE.DE,Fiscal Year Ends,"Dec 31, 2020"
931,DTE.DE,Most Recent Quarter (mrq),"Sep 30, 2021"
932,DTE.DE,Profit Margin,4.87%
933,DTE.DE,Operating Margin (ttm),13.93%
934,DTE.DE,Return on Assets (ttm),3.57%
935,DTE.DE,Return on Equity (ttm),10.59%
936,DTE.DE,Revenue (ttm),110.35B
937,DTE.DE,Revenue Per Share (ttm),23.18
938,DTE.DE,Quarterly Revenue Growth (yoy),1.90%
939,DTE.DE,Gross Profit (ttm),41.43B
940,DTE.DE,EBITDA,35.19B
941,DTE.DE,Net Income Avi to Common (ttm),5.38B
942,DTE.DE,Diluted EPS (ttm),1.13
943,DTE.DE,Quarterly Earnings Growth (yoy),8.80%
944,DTE.DE,Total Cash (mrq),6.34B
945,DTE.DE,Total Cash Per Share (mrq),1.32
946,DTE.DE,Total Debt (mrq),141.73B
947,DTE.DE,Total Debt/Equity (mrq),179.72
948,DTE.DE,Current Ratio (mrq),0.99
949,DTE.DE,Book Value Per Share (mrq),8.56
950,DTE.DE,Operating Cash Flow (ttm),32.92B
951,DTE.DE,Levered Free Cash Flow (ttm),2.74B
952,ENEL.MI,Avg Vol (3 month) 3,27.08M
953,ENEL.MI,Avg Vol (10 day) 3,27.21M
954,ENEL.MI,Shares Outstanding 5,10.16B
956,ENEL.MI,Float 8,7.77B
957,ENEL.MI,% Held by Insiders 1,23.58%
958,ENEL.MI,% Held by Institutions 1,35.36%
964,ENEL.MI,Forward Annual Dividend Rate 4,0.18
965,ENEL.MI,Forward Annual Dividend Yield 4,2.51%
966,ENEL.MI,Trailing Annual Dividend Rate 3,0.37
967,ENEL.MI,Trailing Annual Dividend Yield 3,5.45%
968,ENEL.MI,5 Year Average Dividend Yield 4,4.46
969,ENEL.MI,Payout Ratio 4,170.48%
971,ENEL.MI,Ex-Dividend Date 4,"Jan 24, 2022"
972,ENEL.MI,Last Split Factor 2,1:2
973,ENEL.MI,Last Split Date 3,"Jul 09, 2001"
974,ENEL.MI,Fiscal Year Ends,"Dec 31, 2020"
975,ENEL.MI,Most Recent Quarter (mrq),"Sep 30, 2021"
976,ENEL.MI,Profit Margin,3.03%
977,ENEL.MI,Operating Margin (ttm),12.98%
978,ENEL.MI,Return on Assets (ttm),3.17%
979,ENEL.MI,Return on Equity (ttm),7.34%
980,ENEL.MI,Revenue (ttm),72.46B
981,ENEL.MI,Revenue Per Share (ttm),7.16
982,ENEL.MI,Quarterly Revenue Growth (yoy),74.40%
983,ENEL.MI,Gross Profit (ttm),23.44B
984,ENEL.MI,EBITDA,14.39B
985,ENEL.MI,Net Income Avi to Common (ttm),2.19B
986,ENEL.MI,Diluted EPS (ttm),0.21
987,ENEL.MI,Quarterly Earnings Growth (yoy),-25.40%
988,ENEL.MI,Total Cash (mrq),10.44B
989,ENEL.MI,Total Cash Per Share (mrq),1.03
990,ENEL.MI,Total Debt (mrq),67.58B
991,ENEL.MI,Total Debt/Equity (mrq),153.31
992,ENEL.MI,Current Ratio (mrq),0.92
993,ENEL.MI,Book Value Per Share (mrq),3.00
994,ENEL.MI,Operating Cash Flow (ttm),10.01B
995,ENEL.MI,Levered Free Cash Flow (ttm),-1.29B
996,ENI.MI,Avg Vol (3 month) 3,15.57M
997,ENI.MI,Avg Vol (10 day) 3,19.13M
998,ENI.MI,Shares Outstanding 5,3.54B
1000,ENI.MI,Float 8,2.48B
1001,ENI.MI,% Held by Insiders 1,30.30%
1002,ENI.MI,% Held by Institutions 1,16.48%
1008,ENI.MI,Forward Annual Dividend Rate 4,0.86
1009,ENI.MI,Forward Annual Dividend Yield 4,6.82%
1010,ENI.MI,Trailing Annual Dividend Rate 3,0.67
1011,ENI.MI,Trailing Annual Dividend Yield 3,5.02%
1012,ENI.MI,5 Year Average Dividend Yield 4,6.14
1013,ENI.MI,Payout Ratio 4,167.50%
1015,ENI.MI,Ex-Dividend Date 4,"Sep 20, 2021"
1016,ENI.MI,Last Split Factor 2,1:2
1017,ENI.MI,Last Split Date 3,"Jun 18, 2001"
1018,ENI.MI,Fiscal Year Ends,"Dec 31, 2020"
1019,ENI.MI,Most Recent Quarter (mrq),"Sep 30, 2021"
1020,ENI.MI,Profit Margin,2.41%
1021,ENI.MI,Operating Margin (ttm),8.92%
1022,ENI.MI,Return on Assets (ttm),2.85%
1023,ENI.MI,Return on Equity (ttm),3.97%
1024,ENI.MI,Revenue (ttm),62.62B
1025,ENI.MI,Revenue Per Share (ttm),17.53
1026,ENI.MI,Quarterly Revenue Growth (yoy),83.00%
1027,ENI.MI,Gross Profit (ttm),11.55B
1028,ENI.MI,EBITDA,13.56B
1029,ENI.MI,Net Income Avi to Common (ttm),1.51B
1030,ENI.MI,Diluted EPS (ttm),0.40
1032,ENI.MI,Total Cash (mrq),13.83B
1033,ENI.MI,Total Cash Per Share (mrq),3.87
1034,ENI.MI,Total Debt (mrq),31.42B
1035,ENI.MI,Total Debt/Equity (mrq),78.01
1036,ENI.MI,Current Ratio (mrq),1.23
1037,ENI.MI,Book Value Per Share (mrq),11.26
1038,ENI.MI,Operating Cash Flow (ttm),8.01B
1039,ENI.MI,Levered Free Cash Flow (ttm),4.59B
1040,EL.PA,Beta (5Y Monthly),0.88
1043,EL.PA,52 Week High 3,195.0
1044,EL.PA,52 Week Low 3,128.35
1045,EL.PA,50-Day Moving Average 3,178.87
1046,EL.PA,200-Day Moving Average 3,165.6
1047,EL.PA,Avg Vol (3 month) 3,541.51k
1048,EL.PA,Avg Vol (10 day) 3,680.1k
1049,EL.PA,Shares Outstanding 5,442.39M
1051,EL.PA,Float 8,417.53M
1052,EL.PA,% Held by Insiders 1,35.99%
1053,EL.PA,% Held by Institutions 1,26.84%
1059,EL.PA,Forward Annual Dividend Rate 4,2.23
1060,EL.PA,Forward Annual Dividend Yield 4,1.19%
1061,EL.PA,Trailing Annual Dividend Rate 3,1.08
1062,EL.PA,Trailing Annual Dividend Yield 3,0.61%
1064,EL.PA,Payout Ratio 4,72.88%
1066,EL.PA,Ex-Dividend Date 4,"May 28, 2021"
1067,EL.PA,Last Split Factor 2,2:1
1068,EL.PA,Last Split Date 3,"Jul 16, 2007"
1069,EL.PA,Fiscal Year Ends,"Dec 31, 2020"
1070,EL.PA,Most Recent Quarter (mrq),"Jun 30, 2021"
1071,EL.PA,Profit Margin,7.96%
1072,EL.PA,Operating Margin (ttm),12.97%
1073,EL.PA,Return on Assets (ttm),2.55%
1074,EL.PA,Return on Equity (ttm),4.25%
1075,EL.PA,Revenue (ttm),16.97B
1076,EL.PA,Revenue Per Share (ttm),38.86
1077,EL.PA,Quarterly Revenue Growth (yoy),40.70%
1078,EL.PA,Gross Profit (ttm),8.36B
1079,EL.PA,EBITDA,3.68B
1080,EL.PA,Net Income Avi to Common (ttm),1.35B
1081,EL.PA,Diluted EPS (ttm),3.05
1083,EL.PA,Total Cash (mrq),9.44B
1084,EL.PA,Total Cash Per Share (mrq),21.43
1085,EL.PA,Total Debt (mrq),11.41B
1086,EL.PA,Total Debt/Equity (mrq),33.20
1087,EL.PA,Current Ratio (mrq),2.26
1088,EL.PA,Book Value Per Share (mrq),76.81
1089,EL.PA,Operating Cash Flow (ttm),4.4B
1090,EL.PA,Levered Free Cash Flow (ttm),3.67B
1091,FLTR.IR,Beta (5Y Monthly),0.71
1094,FLTR.IR,52 Week High 3,198.6
1095,FLTR.IR,52 Week Low 3,116.4
1096,FLTR.IR,50-Day Moving Average 3,131.27
1097,FLTR.IR,200-Day Moving Average 3,151.34
1098,FLTR.IR,Avg Vol (3 month) 3,370.53k
1099,FLTR.IR,Avg Vol (10 day) 3,412.2k
1100,FLTR.IR,Shares Outstanding 5,175.63M
1102,FLTR.IR,Float 8,147.7M
1103,FLTR.IR,% Held by Insiders 1,3.18%
1104,FLTR.IR,% Held by Institutions 1,61.18%
1115,FLTR.IR,Payout Ratio 4,0.00%
1117,FLTR.IR,Ex-Dividend Date 4,"Apr 09, 2020"
1118,FLTR.IR,Last Split Factor 2,1:1
1119,FLTR.IR,Last Split Date 3,"Apr 09, 2020"
1120,FLTR.IR,Fiscal Year Ends,"Dec 31, 2020"
1121,FLTR.IR,Most Recent Quarter (mrq),"Jun 30, 2021"
1122,FLTR.IR,Profit Margin,-1.17%
1123,FLTR.IR,Operating Margin (ttm),5.35%
1124,FLTR.IR,Return on Assets (ttm),1.16%
1125,FLTR.IR,Return on Equity (ttm),-1.16%
1126,FLTR.IR,Revenue (ttm),5.93B
1127,FLTR.IR,Revenue Per Share (ttm),35.62
1128,FLTR.IR,Quarterly Revenue Growth (yoy),98.70%
1129,FLTR.IR,Gross Profit (ttm),2.87B
1130,FLTR.IR,EBITDA,1.1B
1131,FLTR.IR,Net Income Avi to Common (ttm),-69.2M
1132,FLTR.IR,Diluted EPS (ttm),-0.50
1134,FLTR.IR,Total Cash (mrq),643.1M
1135,FLTR.IR,Total Cash Per Share (mrq),3.68
1136,FLTR.IR,Total Debt (mrq),3.48B
1137,FLTR.IR,Total Debt/Equity (mrq),32.48
1138,FLTR.IR,Current Ratio (mrq),0.83
1139,FLTR.IR,Book Value Per Share (mrq),61.16
1140,FLTR.IR,Operating Cash Flow (ttm),1.11B
1141,FLTR.IR,Levered Free Cash Flow (ttm),824M
1142,IBE.MC,Avg Vol (3 month) 3,13.84M
1143,IBE.MC,Avg Vol (10 day) 3,13.06M
1144,IBE.MC,Shares Outstanding 5,6.27B
1146,IBE.MC,Float 8,5.79B
1147,IBE.MC,% Held by Insiders 1,0.21%
1148,IBE.MC,% Held by Institutions 1,42.09%
1154,IBE.MC,Forward Annual Dividend Rate 4,0.42
1155,IBE.MC,Forward Annual Dividend Yield 4,4.26%
1156,IBE.MC,Trailing Annual Dividend Rate 3,0.42
1157,IBE.MC,Trailing Annual Dividend Yield 3,4.14%
1158,IBE.MC,5 Year Average Dividend Yield 4,4.27
1159,IBE.MC,Payout Ratio 4,83.23%
1161,IBE.MC,Ex-Dividend Date 4,"Jan 10, 2022"
1162,IBE.MC,Last Split Factor 2,2:1
1163,IBE.MC,Last Split Date 3,"Jan 11, 2018"
1164,IBE.MC,Fiscal Year Ends,"Dec 31, 2020"
1165,IBE.MC,Most Recent Quarter (mrq),"Sep 30, 2021"
1166,IBE.MC,Profit Margin,9.05%
1167,IBE.MC,Operating Margin (ttm),17.14%
1168,IBE.MC,Return on Assets (ttm),3.10%
1169,IBE.MC,Return on Equity (ttm),7.98%
1170,IBE.MC,Revenue (ttm),36.9B
1171,IBE.MC,Revenue Per Share (ttm),5.72
1172,IBE.MC,Quarterly Revenue Growth (yoy),18.90%
1173,IBE.MC,Gross Profit (ttm),16.14B
1174,IBE.MC,EBITDA,9.92B
1175,IBE.MC,Net Income Avi to Common (ttm),3.28B
1176,IBE.MC,Diluted EPS (ttm),0.50
1177,IBE.MC,Quarterly Earnings Growth (yoy),9.00%
1178,IBE.MC,Total Cash (mrq),5.42B
1179,IBE.MC,Total Cash Per Share (mrq),0.85
1180,IBE.MC,Total Debt (mrq),42.07B
1181,IBE.MC,Total Debt/Equity (mrq),80.79
1182,IBE.MC,Current Ratio (mrq),0.86
1183,IBE.MC,Book Value Per Share (mrq),5.85
1186,ITX.MC,Avg Vol (3 month) 3,4.16M
1187,ITX.MC,Avg Vol (10 day) 3,3.48M
1188,ITX.MC,Shares Outstanding 5,3.11B
1190,ITX.MC,Float 8,1.11B
1191,ITX.MC,% Held by Insiders 1,64.35%
1192,ITX.MC,% Held by Institutions 1,15.42%
1198,ITX.MC,Forward Annual Dividend Rate 4,0.57
1199,ITX.MC,Forward Annual Dividend Yield 4,1.99%
1200,ITX.MC,Trailing Annual Dividend Rate 3,0.22
1201,ITX.MC,Trailing Annual Dividend Yield 3,0.83%
1202,ITX.MC,5 Year Average Dividend Yield 4,1.81
1203,ITX.MC,Payout Ratio 4,23.33%
1205,ITX.MC,Ex-Dividend Date 4,"Oct 29, 2021"
1206,ITX.MC,Last Split Factor 2,5:1
1207,ITX.MC,Last Split Date 3,"Jul 28, 2014"
1208,ITX.MC,Fiscal Year Ends,"Jan 31, 2021"
1209,ITX.MC,Most Recent Quarter (mrq),"Oct 31, 2021"
1210,ITX.MC,Profit Margin,11.45%
1211,ITX.MC,Operating Margin (ttm),17.18%
1212,ITX.MC,Return on Assets (ttm),9.46%
1213,ITX.MC,Return on Equity (ttm),20.21%
1214,ITX.MC,Revenue (ttm),25.64B
1215,ITX.MC,Revenue Per Share (ttm),8.23
1216,ITX.MC,Quarterly Revenue Growth (yoy),22.10%
1217,ITX.MC,Gross Profit (ttm),10.81B
1218,ITX.MC,EBITDA,5.44B
1219,ITX.MC,Net Income Avi to Common (ttm),2.94B
1220,ITX.MC,Diluted EPS (ttm),0.94
1221,ITX.MC,Quarterly Earnings Growth (yoy),41.80%
1222,ITX.MC,Total Cash (mrq),9.58B
1223,ITX.MC,Total Cash Per Share (mrq),3.08
1224,ITX.MC,Total Debt (mrq),5.86B
1225,ITX.MC,Total Debt/Equity (mrq),39.20
1226,ITX.MC,Current Ratio (mrq),1.49
1227,ITX.MC,Book Value Per Share (mrq),4.79
1230,IFX.DE,Avg Vol (3 month) 3,4.39M
1231,IFX.DE,Avg Vol (10 day) 3,6.83M
1232,IFX.DE,Shares Outstanding 5,1.3B
1234,IFX.DE,Float 8,1.3B
1235,IFX.DE,% Held by Insiders 1,0.00%
1236,IFX.DE,% Held by Institutions 1,58.21%
1242,IFX.DE,Forward Annual Dividend Rate 4,0.27
1243,IFX.DE,Forward Annual Dividend Yield 4,0.70%
1244,IFX.DE,Trailing Annual Dividend Rate 3,0.27
1245,IFX.DE,Trailing Annual Dividend Yield 3,0.74%
1246,IFX.DE,5 Year Average Dividend Yield 4,1.15
1247,IFX.DE,Payout Ratio 4,25.00%
1249,IFX.DE,Ex-Dividend Date 4,"Feb 18, 2022"
1252,IFX.DE,Fiscal Year Ends,"Sep 30, 2021"
1253,IFX.DE,Most Recent Quarter (mrq),"Sep 30, 2021"
1254,IFX.DE,Profit Margin,10.57%
1255,IFX.DE,Operating Margin (ttm),16.08%
1256,IFX.DE,Return on Assets (ttm),4.90%
1257,IFX.DE,Return on Equity (ttm),10.87%
1258,IFX.DE,Revenue (ttm),11.06B
1259,IFX.DE,Revenue Per Share (ttm),8.50
1260,IFX.DE,Quarterly Revenue Growth (yoy),20.80%
1261,IFX.DE,Gross Profit (ttm),4.28B
1262,IFX.DE,EBITDA,3.16B
1263,IFX.DE,Net Income Avi to Common (ttm),1.15B
1264,IFX.DE,Diluted EPS (ttm),0.88
1265,IFX.DE,Quarterly Earnings Growth (yoy),325.70%
1266,IFX.DE,Total Cash (mrq),3.92B
1267,IFX.DE,Total Cash Per Share (mrq),3.01
1268,IFX.DE,Total Debt (mrq),6.92B
1269,IFX.DE,Total Debt/Equity (mrq),60.66
1270,IFX.DE,Current Ratio (mrq),1.86
1271,IFX.DE,Book Value Per Share (mrq),8.76
1272,IFX.DE,Operating Cash Flow (ttm),3.06B
1273,IFX.DE,Levered Free Cash Flow (ttm),1.4B
1274,INGA.AS,Beta (5Y Monthly),2.09
1277,INGA.AS,52 Week High 3,13.74
1278,INGA.AS,52 Week Low 3,7.7
1279,INGA.AS,50-Day Moving Average 3,12.67
1280,INGA.AS,200-Day Moving Average 3,11.96
1281,INGA.AS,Avg Vol (3 month) 3,15.04M
1282,INGA.AS,Avg Vol (10 day) 3,17.99M
1283,INGA.AS,Shares Outstanding 5,3.78B
1285,INGA.AS,Float 8,3.9B
1286,INGA.AS,% Held by Insiders 1,0.00%
1287,INGA.AS,% Held by Institutions 1,51.65%
1293,INGA.AS,Forward Annual Dividend Rate 4,0.6
1294,INGA.AS,Forward Annual Dividend Yield 4,4.45%
1295,INGA.AS,Trailing Annual Dividend Rate 3,0.48
1296,INGA.AS,Trailing Annual Dividend Yield 3,3.55%
1298,INGA.AS,Payout Ratio 4,12.01%
1300,INGA.AS,Ex-Dividend Date 4,"Oct 04, 2021"
1303,INGA.AS,Fiscal Year Ends,"Dec 31, 2020"
1304,INGA.AS,Most Recent Quarter (mrq),"Sep 30, 2021"
1305,INGA.AS,Profit Margin,25.74%
1306,INGA.AS,Operating Margin (ttm),45.11%
1307,INGA.AS,Return on Assets (ttm),0.48%
1308,INGA.AS,Return on Equity (ttm),8.37%
1309,INGA.AS,Revenue (ttm),17.71B
1310,INGA.AS,Revenue Per Share (ttm),4.54
1311,INGA.AS,Quarterly Revenue Growth (yoy),20.70%
1312,INGA.AS,Gross Profit (ttm),15.02B
1314,INGA.AS,Net Income Avi to Common (ttm),4.56B
1315,INGA.AS,Diluted EPS (ttm),1.17
1316,INGA.AS,Quarterly Earnings Growth (yoy),73.50%
1317,INGA.AS,Total Cash (mrq),185.65B
1318,INGA.AS,Total Cash Per Share (mrq),47.56
1319,INGA.AS,Total Debt (mrq),201.22B
1322,INGA.AS,Book Value Per Share (mrq),14.20
1325,ISP.MI,Avg Vol (3 month) 3,91.7M
1326,ISP.MI,Avg Vol (10 day) 3,133.07M
1327,ISP.MI,Shares Outstanding 5,19.37B
1329,ISP.MI,Float 8,15.77B
1330,ISP.MI,% Held by Insiders 1,4.73%
1331,ISP.MI,% Held by Institutions 1,40.13%
1337,ISP.MI,Forward Annual Dividend Rate 4,0.07
1338,ISP.MI,Forward Annual Dividend Yield 4,3.01%
1339,ISP.MI,Trailing Annual Dividend Rate 3,0.21
1340,ISP.MI,Trailing Annual Dividend Yield 3,7.68%
1342,ISP.MI,Payout Ratio 4,113.27%
1344,ISP.MI,Ex-Dividend Date 4,"Nov 22, 2021"
1345,ISP.MI,Last Split Factor 2,43:41
1346,ISP.MI,Last Split Date 3,"Apr 19, 2004"
1347,ISP.MI,Fiscal Year Ends,"Dec 31, 2020"
1348,ISP.MI,Most Recent Quarter (mrq),"Sep 30, 2021"
1349,ISP.MI,Profit Margin,5.15%
1350,ISP.MI,Operating Margin (ttm),35.24%
1351,ISP.MI,Return on Assets (ttm),0.08%
1352,ISP.MI,Return on Equity (ttm),1.28%
1353,ISP.MI,Revenue (ttm),17.62B
1354,ISP.MI,Revenue Per Share (ttm),0.91
1355,ISP.MI,Quarterly Revenue Growth (yoy),14.30%
1356,ISP.MI,Gross Profit (ttm),14.3B
1358,ISP.MI,Net Income Avi to Common (ttm),907M
1359,ISP.MI,Diluted EPS (ttm),0.0470
1360,ISP.MI,Quarterly Earnings Growth (yoy),-74.20%
1361,ISP.MI,Total Cash (mrq),87.14B
1362,ISP.MI,Total Cash Per Share (mrq),4.71
1363,ISP.MI,Total Debt (mrq),312.42B
1366,ISP.MI,Book Value Per Share (mrq),3.62
1369,KER.PA,Avg Vol (3 month) 3,188.18k
1370,KER.PA,Avg Vol (10 day) 3,198.37k
1371,KER.PA,Shares Outstanding 5,124.07M
1373,KER.PA,Float 8,72.22M
1374,KER.PA,% Held by Insiders 1,41.71%
1375,KER.PA,% Held by Institutions 1,26.41%
1381,KER.PA,Forward Annual Dividend Rate 4,9
1382,KER.PA,Forward Annual Dividend Yield 4,1.25%
1383,KER.PA,Trailing Annual Dividend Rate 3,9.00
1384,KER.PA,Trailing Annual Dividend Yield 3,1.33%
1385,KER.PA,5 Year Average Dividend Yield 4,1.53
1386,KER.PA,Payout Ratio 4,29.94%
1388,KER.PA,Ex-Dividend Date 4,"Jan 13, 2022"
1391,KER.PA,Fiscal Year Ends,"Dec 31, 2020"
1392,KER.PA,Most Recent Quarter (mrq),"Jun 30, 2021"
1393,KER.PA,Profit Margin,21.29%
1394,KER.PA,Operating Margin (ttm),28.03%
1395,KER.PA,Return on Assets (ttm),9.84%
1396,KER.PA,Return on Equity (ttm),29.63%
1397,KER.PA,Revenue (ttm),15.77B
1398,KER.PA,Revenue Per Share (ttm),126.25
1399,KER.PA,Quarterly Revenue Growth (yoy),49.60%
1400,KER.PA,Gross Profit (ttm),9.51B
1401,KER.PA,EBITDA,4.99B
1402,KER.PA,Net Income Avi to Common (ttm),3.34B
1403,KER.PA,Diluted EPS (ttm),26.87
1404,KER.PA,Quarterly Earnings Growth (yoy),442.60%
1405,KER.PA,Total Cash (mrq),4.79B
1406,KER.PA,Total Cash Per Share (mrq),38.42
1407,KER.PA,Total Debt (mrq),9.82B
1408,KER.PA,Total Debt/Equity (mrq),76.89
1409,KER.PA,Current Ratio (mrq),1.47
1410,KER.PA,Book Value Per Share (mrq),100.37
1411,KER.PA,Operating Cash Flow (ttm),4.65B
1412,KER.PA,Levered Free Cash Flow (ttm),3.21B
1413,KNEBV.HE,Beta (5Y Monthly),0.55
1416,KNEBV.HE,52 Week High 3,73.86
1417,KNEBV.HE,52 Week Low 3,54.22
1418,KNEBV.HE,50-Day Moving Average 3,60.32
1419,KNEBV.HE,200-Day Moving Average 3,64.41
1420,KNEBV.HE,Avg Vol (3 month) 3,750.99k
1421,KNEBV.HE,Avg Vol (10 day) 3,795.04k
1422,KNEBV.HE,Shares Outstanding 5,441.75M
1424,KNEBV.HE,Float 8,354.46M
1425,KNEBV.HE,% Held by Insiders 1,27.81%
1426,KNEBV.HE,% Held by Institutions 1,36.54%
1432,KNEBV.HE,Forward Annual Dividend Rate 4,1.75
1433,KNEBV.HE,Forward Annual Dividend Yield 4,2.95%
1434,KNEBV.HE,Trailing Annual Dividend Rate 3,1.75
1435,KNEBV.HE,Trailing Annual Dividend Yield 3,3.08%
1436,KNEBV.HE,5 Year Average Dividend Yield 4,3.19
1437,KNEBV.HE,Payout Ratio 4,89.29%
1439,KNEBV.HE,Ex-Dividend Date 4,"Mar 03, 2021"
1440,KNEBV.HE,Last Split Factor 2,2:1
1441,KNEBV.HE,Last Split Date 3,"Dec 03, 2013"
1442,KNEBV.HE,Fiscal Year Ends,"Dec 31, 2020"
1443,KNEBV.HE,Most Recent Quarter (mrq),"Sep 30, 2021"
1444,KNEBV.HE,Profit Margin,9.85%
1445,KNEBV.HE,Operating Margin (ttm),13.00%
1446,KNEBV.HE,Return on Assets (ttm),9.46%
1447,KNEBV.HE,Return on Equity (ttm),35.30%
1448,KNEBV.HE,Revenue (ttm),10.37B
1449,KNEBV.HE,Revenue Per Share (ttm),20.03
1450,KNEBV.HE,Quarterly Revenue Growth (yoy),0.90%
1451,KNEBV.HE,Gross Profit (ttm),5.27B
1452,KNEBV.HE,EBITDA,1.59B
1453,KNEBV.HE,Net Income Avi to Common (ttm),1.02B
1454,KNEBV.HE,Diluted EPS (ttm),1.96
1455,KNEBV.HE,Quarterly Earnings Growth (yoy),-0.50%
1456,KNEBV.HE,Total Cash (mrq),2.5B
1457,KNEBV.HE,Total Cash Per Share (mrq),4.83
1458,KNEBV.HE,Total Debt (mrq),554.6M
1459,KNEBV.HE,Total Debt/Equity (mrq),18.95
1460,KNEBV.HE,Current Ratio (mrq),1.20
1461,KNEBV.HE,Book Value Per Share (mrq),5.60
1462,KNEBV.HE,Operating Cash Flow (ttm),1.41B
1463,KNEBV.HE,Levered Free Cash Flow (ttm),1.12B
1464,OR.PA,Avg Vol (3 month) 3,375.93k
1465,OR.PA,Avg Vol (10 day) 3,493.71k
1466,OR.PA,Shares Outstanding 5,557.67M
1468,OR.PA,Float 8,254.18M
1469,OR.PA,% Held by Insiders 1,54.18%
1470,OR.PA,% Held by Institutions 1,14.83%
1476,OR.PA,Forward Annual Dividend Rate 4,4
1477,OR.PA,Forward Annual Dividend Yield 4,0.93%
1478,OR.PA,Trailing Annual Dividend Rate 3,4.00
1479,OR.PA,Trailing Annual Dividend Yield 3,1.05%
1481,OR.PA,Payout Ratio 4,54.79%
1483,OR.PA,Ex-Dividend Date 4,"Apr 27, 2021"
1484,OR.PA,Last Split Factor 2,2:1
1485,OR.PA,Last Split Date 3,"May 19, 2017"
1486,OR.PA,Fiscal Year Ends,"Dec 31, 2020"
1487,OR.PA,Most Recent Quarter (mrq),"Jun 30, 2021"
1488,OR.PA,Profit Margin,13.63%
1489,OR.PA,Operating Margin (ttm),19.35%
1490,OR.PA,Return on Assets (ttm),8.11%
1491,OR.PA,Return on Equity (ttm),14.03%
1492,OR.PA,Revenue (ttm),30.11B
1493,OR.PA,Revenue Per Share (ttm),53.81
1494,OR.PA,Quarterly Revenue Growth (yoy),16.20%
1495,OR.PA,Gross Profit (ttm),20.46B
1496,OR.PA,EBITDA,7.13B
1497,OR.PA,Net Income Avi to Common (ttm),4.1B
1498,OR.PA,Diluted EPS (ttm),7.30
1499,OR.PA,Quarterly Earnings Growth (yoy),29.60%
1500,OR.PA,Total Cash (mrq),4.82B
1501,OR.PA,Total Cash Per Share (mrq),8.65
1502,OR.PA,Total Debt (mrq),2.45B
1503,OR.PA,Total Debt/Equity (mrq),8.27
1504,OR.PA,Current Ratio (mrq),1.22
1505,OR.PA,Book Value Per Share (mrq),53.13
1506,OR.PA,Operating Cash Flow (ttm),7.33B
1507,OR.PA,Levered Free Cash Flow (ttm),3.79B
1508,LIN.DE,Avg Vol (3 month) 3,723.7k
1509,LIN.DE,Avg Vol (10 day) 3,897.84k
1510,LIN.DE,Shares Outstanding 5,512.56M
1512,LIN.DE,Float 8,511.78M
1513,LIN.DE,% Held by Insiders 1,0.20%
1514,LIN.DE,% Held by Institutions 1,79.82%
1520,LIN.DE,Forward Annual Dividend Rate 4,3.74
1521,LIN.DE,Forward Annual Dividend Yield 4,1.23%
1522,LIN.DE,Trailing Annual Dividend Rate 3,4.14
1523,LIN.DE,Trailing Annual Dividend Yield 3,1.45%
1525,LIN.DE,Payout Ratio 4,61.02%
1527,LIN.DE,Ex-Dividend Date 4,"Dec 02, 2021"
1530,LIN.DE,Fiscal Year Ends,"Dec 31, 2020"
1531,LIN.DE,Most Recent Quarter (mrq),"Sep 30, 2021"
1532,LIN.DE,Profit Margin,11.99%
1533,LIN.DE,Operating Margin (ttm),17.50%
1534,LIN.DE,Return on Assets (ttm),3.80%
1535,LIN.DE,Return on Equity (ttm),7.86%
1536,LIN.DE,Revenue (ttm),29.77B
1537,LIN.DE,Revenue Per Share (ttm),57.22
1538,LIN.DE,Quarterly Revenue Growth (yoy),11.90%
1539,LIN.DE,Gross Profit (ttm),11.86B
1540,LIN.DE,EBITDA,9.9B
1541,LIN.DE,Net Income Avi to Common (ttm),3.57B
1542,LIN.DE,Diluted EPS (ttm),6.01
1543,LIN.DE,Quarterly Earnings Growth (yoy),39.90%
1544,LIN.DE,Total Cash (mrq),4.7B
1545,LIN.DE,Total Cash Per Share (mrq),9.17
1546,LIN.DE,Total Debt (mrq),16.73B
1547,LIN.DE,Total Debt/Equity (mrq),36.57
1548,LIN.DE,Current Ratio (mrq),0.81
1549,LIN.DE,Book Value Per Share (mrq),86.47
1550,LIN.DE,Operating Cash Flow (ttm),8.93B
1551,LIN.DE,Levered Free Cash Flow (ttm),5.05B
1552,MC.PA,Beta (5Y Monthly),0.95
1555,MC.PA,52 Week High 3,758.5
1556,MC.PA,52 Week Low 3,518.7
1557,MC.PA,50-Day Moving Average 3,707.7
1558,MC.PA,200-Day Moving Average 3,672.65
1559,MC.PA,Avg Vol (3 month) 3,409.77k
1560,MC.PA,Avg Vol (10 day) 3,508.74k
1561,MC.PA,Shares Outstanding 5,503.55M
1563,MC.PA,Float 8,274.34M
1564,MC.PA,% Held by Insiders 1,47.48%
1565,MC.PA,% Held by Institutions 1,21.29%
1571,MC.PA,Forward Annual Dividend Rate 4,7
1572,MC.PA,Forward Annual Dividend Yield 4,0.94%
1573,MC.PA,Trailing Annual Dividend Rate 3,7.00
1574,MC.PA,Trailing Annual Dividend Yield 3,0.96%
1575,MC.PA,5 Year Average Dividend Yield 4,1.49
1576,MC.PA,Payout Ratio 4,31.97%
1578,MC.PA,Ex-Dividend Date 4,"Nov 30, 2021"
1579,MC.PA,Last Split Factor 2,5:1
1580,MC.PA,Last Split Date 3,"Jul 03, 2000"
1581,MC.PA,Fiscal Year Ends,"Dec 31, 2020"
1582,MC.PA,Most Recent Quarter (mrq),"Jun 30, 2021"
1583,MC.PA,Profit Margin,17.24%
1584,MC.PA,Operating Margin (ttm),25.95%
1585,MC.PA,Return on Assets (ttm),8.09%
1586,MC.PA,Return on Equity (ttm),24.92%
1587,MC.PA,Revenue (ttm),54.92B
1588,MC.PA,Revenue Per Share (ttm),109.03
1589,MC.PA,Quarterly Revenue Growth (yoy),55.80%
1590,MC.PA,Gross Profit (ttm),28.78B
1591,MC.PA,EBITDA,16.04B
1592,MC.PA,Net Income Avi to Common (ttm),9.47B
1593,MC.PA,Diluted EPS (ttm),18.77
1594,MC.PA,Quarterly Earnings Growth (yoy),913.20%
1595,MC.PA,Total Cash (mrq),8.72B
1596,MC.PA,Total Cash Per Share (mrq),17.32
1597,MC.PA,Total Debt (mrq),38.55B
1598,MC.PA,Total Debt/Equity (mrq),90.44
1599,MC.PA,Current Ratio (mrq),1.10
1600,MC.PA,Book Value Per Share (mrq),81.75
1601,MC.PA,Operating Cash Flow (ttm),17.77B
1602,MC.PA,Levered Free Cash Flow (ttm),11.47B
1603,MUV2.DE,Avg Vol (3 month) 3,324.74k
1604,MUV2.DE,Avg Vol (10 day) 3,375.25k
1605,MUV2.DE,Shares Outstanding 5,140.1M
1607,MUV2.DE,Float 8,139.79M
1608,MUV2.DE,% Held by Insiders 1,0.03%
1609,MUV2.DE,% Held by Institutions 1,43.67%
1615,MUV2.DE,Forward Annual Dividend Rate 4,9.8
1616,MUV2.DE,Forward Annual Dividend Yield 4,3.65%
1617,MUV2.DE,Trailing Annual Dividend Rate 3,9.80
1618,MUV2.DE,Trailing Annual Dividend Yield 3,3.53%
1619,MUV2.DE,5 Year Average Dividend Yield 4,4.36
1620,MUV2.DE,Payout Ratio 4,60.46%
1622,MUV2.DE,Ex-Dividend Date 4,"Apr 29, 2021"
1625,MUV2.DE,Fiscal Year Ends,"Dec 31, 2020"
1626,MUV2.DE,Most Recent Quarter (mrq),"Sep 30, 2021"
1627,MUV2.DE,Profit Margin,3.61%
1628,MUV2.DE,Operating Margin (ttm),5.03%
1629,MUV2.DE,Return on Assets (ttm),0.65%
1630,MUV2.DE,Return on Equity (ttm),7.61%
1631,MUV2.DE,Revenue (ttm),62.96B
1632,MUV2.DE,Revenue Per Share (ttm),449.53
1633,MUV2.DE,Quarterly Revenue Growth (yoy),9.90%
1634,MUV2.DE,Gross Profit (ttm),15.88B
1635,MUV2.DE,EBITDA,3.46B
1636,MUV2.DE,Net Income Avi to Common (ttm),2.27B
1637,MUV2.DE,Diluted EPS (ttm),16.21
1638,MUV2.DE,Quarterly Earnings Growth (yoy),80.70%
1639,MUV2.DE,Total Cash (mrq),7.21B
1640,MUV2.DE,Total Cash Per Share (mrq),51.58
1641,MUV2.DE,Total Debt (mrq),5.29B
1642,MUV2.DE,Total Debt/Equity (mrq),17.60
1643,MUV2.DE,Current Ratio (mrq),0.43
1644,MUV2.DE,Book Value Per Share (mrq),214.26
1647,RI.PA,Beta (5Y Monthly),0.47
1650,RI.PA,52 Week High 3,217.2
1651,RI.PA,52 Week Low 3,156.1
1652,RI.PA,50-Day Moving Average 3,204.01
1653,RI.PA,200-Day Moving Average 3,191.91
1654,RI.PA,Avg Vol (3 month) 3,365.72k
1655,RI.PA,Avg Vol (10 day) 3,424.74k
1656,RI.PA,Shares Outstanding 5,259.76M
1658,RI.PA,Float 8,202.67M
1659,RI.PA,% Held by Insiders 1,24.56%
1660,RI.PA,% Held by Institutions 1,50.68%
1666,RI.PA,Forward Annual Dividend Rate 4,3.12
1667,RI.PA,Forward Annual Dividend Yield 4,1.45%
1668,RI.PA,Trailing Annual Dividend Rate 3,3.12
1669,RI.PA,Trailing Annual Dividend Yield 3,1.59%
1670,RI.PA,5 Year Average Dividend Yield 4,1.69
1671,RI.PA,Payout Ratio 4,79.96%
1673,RI.PA,Ex-Dividend Date 4,"Nov 22, 2021"
1674,RI.PA,Last Split Factor 2,2:1
1675,RI.PA,Last Split Date 3,"Jan 15, 2008"
1676,RI.PA,Fiscal Year Ends,"Jun 30, 2021"
1677,RI.PA,Most Recent Quarter (mrq),"Jun 30, 2021"
1678,RI.PA,Profit Margin,14.79%
1679,RI.PA,Operating Margin (ttm),27.27%
1680,RI.PA,Return on Assets (ttm),4.72%
1681,RI.PA,Return on Equity (ttm),9.00%
1682,RI.PA,Revenue (ttm),8.82B
1683,RI.PA,Revenue Per Share (ttm),33.83
1684,RI.PA,Quarterly Revenue Growth (yoy),29.10%
1685,RI.PA,Gross Profit (ttm),5.29B
1686,RI.PA,EBITDA,2.59B
1687,RI.PA,Net Income Avi to Common (ttm),1.3B
1688,RI.PA,Diluted EPS (ttm),4.99
1690,RI.PA,Total Cash (mrq),2.08B
1691,RI.PA,Total Cash Per Share (mrq),7.96
1692,RI.PA,Total Debt (mrq),9.59B
1693,RI.PA,Total Debt/Equity (mrq),63.65
1694,RI.PA,Current Ratio (mrq),2.45
1695,RI.PA,Book Value Per Share (mrq),56.83
1696,RI.PA,Operating Cash Flow (ttm),2B
1697,RI.PA,Levered Free Cash Flow (ttm),1.21B
1698,PHIA.AS,Beta (5Y Monthly),0.79
1701,PHIA.AS,52 Week High 3,50.98
1702,PHIA.AS,52 Week Low 3,27.72
1703,PHIA.AS,50-Day Moving Average 3,30.83
1704,PHIA.AS,200-Day Moving Average 3,38.28
1705,PHIA.AS,Avg Vol (3 month) 3,4.05M
1706,PHIA.AS,Avg Vol (10 day) 3,3.9M
1707,PHIA.AS,Shares Outstanding 5,879.23M
1709,PHIA.AS,Float 8,909.32M
1710,PHIA.AS,% Held by Insiders 1,0.09%
1711,PHIA.AS,% Held by Institutions 1,55.29%
1717,PHIA.AS,Forward Annual Dividend Rate 4,0.85
1718,PHIA.AS,Forward Annual Dividend Yield 4,2.54%
1719,PHIA.AS,Trailing Annual Dividend Rate 3,0.85
1720,PHIA.AS,Trailing Annual Dividend Yield 3,2.90%
1722,PHIA.AS,Payout Ratio 4,73.28%
1724,PHIA.AS,Ex-Dividend Date 4,"May 10, 2021"
1725,PHIA.AS,Last Split Factor 2,50:49
1726,PHIA.AS,Last Split Date 3,"Jun 30, 2020"
1727,PHIA.AS,Fiscal Year Ends,"Dec 31, 2020"
1728,PHIA.AS,Most Recent Quarter (mrq),"Sep 30, 2021"
1729,PHIA.AS,Profit Margin,19.14%
1730,PHIA.AS,Operating Margin (ttm),8.46%
1733,PHIA.AS,Revenue (ttm),19.67B
1734,PHIA.AS,Revenue Per Share (ttm),21.66
1735,PHIA.AS,Quarterly Revenue Growth (yoy),-16.50%
1736,PHIA.AS,Gross Profit (ttm),8.78B
1737,PHIA.AS,EBITDA,2.35B
1738,PHIA.AS,Net Income Avi to Common (ttm),1.17B
1739,PHIA.AS,Diluted EPS (ttm),4.12
1740,PHIA.AS,Quarterly Earnings Growth (yoy),779.60%
1741,PHIA.AS,Total Cash (mrq),1B
1742,PHIA.AS,Total Cash Per Share (mrq),1.1
1743,PHIA.AS,Total Debt (mrq),7.83B
1744,PHIA.AS,Total Debt/Equity (mrq),65.33
1746,PHIA.AS,Book Value Per Share (mrq),13.10
1749,PRX.AS,Beta (5Y Monthly),0.35
1752,PRX.AS,52 Week High 3,110.0
1753,PRX.AS,52 Week Low 3,65.71
1754,PRX.AS,50-Day Moving Average 3,72.43
1755,PRX.AS,200-Day Moving Average 3,76.12
1756,PRX.AS,Avg Vol (3 month) 3,2.21M
1757,PRX.AS,Avg Vol (10 day) 3,2.25M
1758,PRX.AS,Shares Outstanding 5,2.01B
1760,PRX.AS,Float 8,148.41M
1761,PRX.AS,% Held by Insiders 1,57.67%
1762,PRX.AS,% Held by Institutions 1,15.55%
1768,PRX.AS,Forward Annual Dividend Rate 4,0.14
1769,PRX.AS,Forward Annual Dividend Yield 4,0.19%
1770,PRX.AS,Trailing Annual Dividend Rate 3,0.16
1771,PRX.AS,Trailing Annual Dividend Yield 3,0.23%
1773,PRX.AS,Payout Ratio 4,1.01%
1775,PRX.AS,Ex-Dividend Date 4,"Oct 28, 2021"
1778,PRX.AS,Fiscal Year Ends,"Mar 31, 2021"
1779,PRX.AS,Most Recent Quarter (mrq),"Sep 30, 2021"
1780,PRX.AS,Profit Margin,338.30%
1781,PRX.AS,Operating Margin (ttm),-18.51%
1782,PRX.AS,Return on Assets (ttm),-1.20%
1783,PRX.AS,Return on Equity (ttm),44.41%
1784,PRX.AS,Revenue (ttm),6.01B
1785,PRX.AS,Revenue Per Share (ttm),3.76
1786,PRX.AS,Quarterly Revenue Growth (yoy),41.00%
1787,PRX.AS,Gross Profit (ttm),1.66B
1788,PRX.AS,EBITDA,-954M
1789,PRX.AS,Net Income Avi to Common (ttm),20.32B
1790,PRX.AS,Diluted EPS (ttm),11.14
1791,PRX.AS,Quarterly Earnings Growth (yoy),427.10%
1792,PRX.AS,Total Cash (mrq),13.68B
1793,PRX.AS,Total Cash Per Share (mrq),8.67
1794,PRX.AS,Total Debt (mrq),10.81B
1795,PRX.AS,Total Debt/Equity (mrq),19.78
1796,PRX.AS,Current Ratio (mrq),3.12
1797,PRX.AS,Book Value Per Share (mrq),34.64
1798,PRX.AS,Operating Cash Flow (ttm),-213M
1799,PRX.AS,Levered Free Cash Flow (ttm),1.98B
1800,SAF.PA,Beta (5Y Monthly),1.53
1803,SAF.PA,52 Week High 3,127.74
1804,SAF.PA,52 Week Low 3,96.17
1805,SAF.PA,50-Day Moving Average 3,106.68
1806,SAF.PA,200-Day Moving Average 3,112.83
1807,SAF.PA,Avg Vol (3 month) 3,900.56k
1808,SAF.PA,Avg Vol (10 day) 3,947.16k
1809,SAF.PA,Shares Outstanding 5,426.7M
1811,SAF.PA,Float 8,346.91M
1812,SAF.PA,% Held by Insiders 1,18.45%
1813,SAF.PA,% Held by Institutions 1,39.25%
1819,SAF.PA,Forward Annual Dividend Rate 4,0.43
1820,SAF.PA,Forward Annual Dividend Yield 4,0.39%
1821,SAF.PA,Trailing Annual Dividend Rate 3,0.43
1822,SAF.PA,Trailing Annual Dividend Yield 3,0.39%
1824,SAF.PA,Payout Ratio 4,13.74%
1826,SAF.PA,Ex-Dividend Date 4,"May 31, 2021"
1827,SAF.PA,Last Split Factor 2,5:1
1828,SAF.PA,Last Split Date 3,"Dec 22, 2004"
1829,SAF.PA,Fiscal Year Ends,"Dec 31, 2020"
1830,SAF.PA,Most Recent Quarter (mrq),"Jun 30, 2021"
1831,SAF.PA,Profit Margin,9.32%
1832,SAF.PA,Operating Margin (ttm),6.12%
1833,SAF.PA,Return on Assets (ttm),1.35%
1834,SAF.PA,Return on Equity (ttm),10.76%
1835,SAF.PA,Revenue (ttm),14.65B
1836,SAF.PA,Revenue Per Share (ttm),34.34
1837,SAF.PA,Quarterly Revenue Growth (yoy),-23.70%
1838,SAF.PA,Gross Profit (ttm),7.87B
1839,SAF.PA,EBITDA,2.19B
1840,SAF.PA,Net Income Avi to Common (ttm),1.37B
1841,SAF.PA,Diluted EPS (ttm),3.05
1843,SAF.PA,Total Cash (mrq),4.06B
1844,SAF.PA,Total Cash Per Share (mrq),9.52
1845,SAF.PA,Total Debt (mrq),6.88B
1846,SAF.PA,Total Debt/Equity (mrq),51.15
1847,SAF.PA,Current Ratio (mrq),1.06
1848,SAF.PA,Book Value Per Share (mrq),30.59
1849,SAF.PA,Operating Cash Flow (ttm),1.57B
1850,SAF.PA,Levered Free Cash Flow (ttm),-348M
1851,SAN.PA,Beta (5Y Monthly),0.46
1854,SAN.PA,52 Week High 3,95.16
1855,SAN.PA,52 Week Low 3,74.92
1856,SAN.PA,50-Day Moving Average 3,88.64
1857,SAN.PA,200-Day Moving Average 3,87.1
1858,SAN.PA,Avg Vol (3 month) 3,2.01M
1859,SAN.PA,Avg Vol (10 day) 3,2.69M
1860,SAN.PA,Shares Outstanding 5,1.26B
1862,SAN.PA,Float 8,1.11B
1863,SAN.PA,% Held by Insiders 1,11.15%
1864,SAN.PA,% Held by Institutions 1,54.33%
1870,SAN.PA,Forward Annual Dividend Rate 4,3.2
1871,SAN.PA,Forward Annual Dividend Yield 4,3.63%
1872,SAN.PA,Trailing Annual Dividend Rate 3,3.20
1873,SAN.PA,Trailing Annual Dividend Yield 3,3.47%
1874,SAN.PA,5 Year Average Dividend Yield 4,3.84
1875,SAN.PA,Payout Ratio 4,69.53%
1877,SAN.PA,Ex-Dividend Date 4,"May 05, 2021"
1880,SAN.PA,Fiscal Year Ends,"Dec 31, 2020"
1881,SAN.PA,Most Recent Quarter (mrq),"Sep 30, 2021"
1882,SAN.PA,Profit Margin,16.04%
1883,SAN.PA,Operating Margin (ttm),22.61%
1886,SAN.PA,Revenue (ttm),38.5B
1887,SAN.PA,Revenue Per Share (ttm),30.73
1888,SAN.PA,Quarterly Revenue Growth (yoy),9.60%
1889,SAN.PA,Gross Profit (ttm),25.27B
1890,SAN.PA,EBITDA,11.27B
1891,SAN.PA,Net Income Avi to Common (ttm),6.17B
1892,SAN.PA,Diluted EPS (ttm),4.90
1893,SAN.PA,Quarterly Earnings Growth (yoy),18.70%
1894,SAN.PA,Total Cash (mrq),9.72B
1895,SAN.PA,Total Cash Per Share (mrq),7.76
1896,SAN.PA,Total Debt (mrq),21.65B
1897,SAN.PA,Total Debt/Equity (mrq),34.17
1899,SAN.PA,Book Value Per Share (mrq),50.49
1902,SAP.DE,Avg Vol (3 month) 3,2.16M
1903,SAP.DE,Avg Vol (10 day) 3,3.56M
1904,SAP.DE,Shares Outstanding 5,1.18B
1906,SAP.DE,Float 8,1.04B
1907,SAP.DE,% Held by Insiders 1,11.09%
1908,SAP.DE,% Held by Institutions 1,35.47%
1914,SAP.DE,Forward Annual Dividend Rate 4,1.85
1915,SAP.DE,Forward Annual Dividend Yield 4,1.49%
1916,SAP.DE,Trailing Annual Dividend Rate 3,1.85
1917,SAP.DE,Trailing Annual Dividend Yield 3,1.65%
1918,SAP.DE,5 Year Average Dividend Yield 4,1.40
1919,SAP.DE,Payout Ratio 4,38.30%
1921,SAP.DE,Ex-Dividend Date 4,"May 13, 2021"
1922,SAP.DE,Last Split Factor 2,3:1
1923,SAP.DE,Last Split Date 3,"Jun 26, 2000"
1924,SAP.DE,Fiscal Year Ends,"Dec 31, 2020"
1925,SAP.DE,Most Recent Quarter (mrq),"Sep 30, 2021"
1926,SAP.DE,Profit Margin,20.84%
1927,SAP.DE,Operating Margin (ttm),20.80%
1928,SAP.DE,Return on Assets (ttm),5.73%
1929,SAP.DE,Return on Equity (ttm),17.74%
1930,SAP.DE,Revenue (ttm),27.4B
1931,SAP.DE,Revenue Per Share (ttm),23.23
1932,SAP.DE,Quarterly Revenue Growth (yoy),4.70%
1933,SAP.DE,Gross Profit (ttm),19.45B
1934,SAP.DE,EBITDA,6.78B
1935,SAP.DE,Net Income Avi to Common (ttm),5.71B
1936,SAP.DE,Diluted EPS (ttm),4.83
1937,SAP.DE,Quarterly Earnings Growth (yoy),-9.60%
1938,SAP.DE,Total Cash (mrq),7.94B
1939,SAP.DE,Total Cash Per Share (mrq),6.73
1940,SAP.DE,Total Debt (mrq),15.55B
1941,SAP.DE,Total Debt/Equity (mrq),42.22
1942,SAP.DE,Current Ratio (mrq),1.17
1943,SAP.DE,Book Value Per Share (mrq),29.83
1944,SAP.DE,Operating Cash Flow (ttm),7.05B
1945,SAP.DE,Levered Free Cash Flow (ttm),2.17B
1946,SU.PA,Avg Vol (3 month) 3,894.58k
1947,SU.PA,Avg Vol (10 day) 3,1.11M
1948,SU.PA,Shares Outstanding 5,556.58M
1950,SU.PA,Float 8,532.89M
1951,SU.PA,% Held by Insiders 1,3.77%
1952,SU.PA,% Held by Institutions 1,56.48%
1958,SU.PA,Forward Annual Dividend Rate 4,2.6
1959,SU.PA,Forward Annual Dividend Yield 4,1.63%
1960,SU.PA,Trailing Annual Dividend Rate 3,2.60
1961,SU.PA,Trailing Annual Dividend Yield 3,1.69%
1962,SU.PA,5 Year Average Dividend Yield 4,2.70
1963,SU.PA,Payout Ratio 4,49.97%
1965,SU.PA,Ex-Dividend Date 4,"May 10, 2021"
1966,SU.PA,Last Split Factor 2,2:1
1967,SU.PA,Last Split Date 3,"Sep 02, 2011"
1968,SU.PA,Fiscal Year Ends,"Dec 31, 2020"
1969,SU.PA,Most Recent Quarter (mrq),"Jun 30, 2021"
1970,SU.PA,Profit Margin,10.63%
1971,SU.PA,Operating Margin (ttm),15.98%
1972,SU.PA,Return on Assets (ttm),5.50%
1973,SU.PA,Return on Equity (ttm),12.71%
1974,SU.PA,Revenue (ttm),27.36B
1975,SU.PA,Revenue Per Share (ttm),49.31
1976,SU.PA,Quarterly Revenue Growth (yoy),19.00%
1977,SU.PA,Gross Profit (ttm),10.16B
1978,SU.PA,EBITDA,5.07B
1979,SU.PA,Net Income Avi to Common (ttm),2.91B
1980,SU.PA,Diluted EPS (ttm),5.20
1981,SU.PA,Quarterly Earnings Growth (yoy),100.80%
1982,SU.PA,Total Cash (mrq),3.57B
1983,SU.PA,Total Cash Per Share (mrq),6.44
1984,SU.PA,Total Debt (mrq),11.45B
1985,SU.PA,Total Debt/Equity (mrq),45.16
1986,SU.PA,Current Ratio (mrq),1.06
1987,SU.PA,Book Value Per Share (mrq),39.09
1988,SU.PA,Operating Cash Flow (ttm),4.59B
1989,SU.PA,Levered Free Cash Flow (ttm),4.15B
1990,SIE.DE,Avg Vol (3 month) 3,1.45M
1991,SIE.DE,Avg Vol (10 day) 3,1.93M
1992,SIE.DE,Shares Outstanding 5,802.36M
1994,SIE.DE,Float 8,802.3M
1995,SIE.DE,% Held by Insiders 1,6.00%
1996,SIE.DE,% Held by Institutions 1,34.88%
2002,SIE.DE,Forward Annual Dividend Rate 4,4
2003,SIE.DE,Forward Annual Dividend Yield 4,2.81%
2004,SIE.DE,Trailing Annual Dividend Rate 3,4.00
2005,SIE.DE,Trailing Annual Dividend Yield 3,2.85%
2006,SIE.DE,5 Year Average Dividend Yield 4,3.31
2007,SIE.DE,Payout Ratio 4,55.73%
2009,SIE.DE,Ex-Dividend Date 4,"Feb 11, 2022"
2012,SIE.DE,Fiscal Year Ends,"Sep 30, 2021"
2013,SIE.DE,Most Recent Quarter (mrq),"Sep 30, 2021"
2014,SIE.DE,Profit Margin,9.90%
2015,SIE.DE,Operating Margin (ttm),10.31%
2016,SIE.DE,Return on Assets (ttm),3.05%
2017,SIE.DE,Return on Equity (ttm),12.65%
2018,SIE.DE,Revenue (ttm),62.26B
2019,SIE.DE,Revenue Per Share (ttm),77.65
2020,SIE.DE,Quarterly Revenue Growth (yoy),17.70%
2021,SIE.DE,Gross Profit (ttm),22.74B
2022,SIE.DE,EBITDA,8.56B
2023,SIE.DE,Net Income Avi to Common (ttm),5.1B
2024,SIE.DE,Diluted EPS (ttm),7.59
2025,SIE.DE,Quarterly Earnings Growth (yoy),-33.60%
2026,SIE.DE,Total Cash (mrq),10.68B
2027,SIE.DE,Total Cash Per Share (mrq),13.31
2028,SIE.DE,Total Debt (mrq),48.7B
2029,SIE.DE,Total Debt/Equity (mrq),98.83
2030,SIE.DE,Current Ratio (mrq),1.31
2031,SIE.DE,Book Value Per Share (mrq),55.30
2032,SIE.DE,Operating Cash Flow (ttm),10B
2033,SIE.DE,Levered Free Cash Flow (ttm),5.67B
2034,STLA.MI,Avg Vol (3 month) 3,12.16M
2035,STLA.MI,Avg Vol (10 day) 3,15.51M
2036,STLA.MI,Shares Outstanding 5,3.13B
2038,STLA.MI,Float 8,2.1B
2039,STLA.MI,% Held by Insiders 1,26.01%
2040,STLA.MI,% Held by Institutions 1,52.63%
2046,STLA.MI,Forward Annual Dividend Rate 4,0.1
2047,STLA.MI,Forward Annual Dividend Yield 4,0.51%
2051,STLA.MI,Payout Ratio 4,2.71%
2053,STLA.MI,Ex-Dividend Date 4,"Apr 19, 2021"
2056,STLA.MI,Fiscal Year Ends,"Dec 31, 2020"
2057,STLA.MI,Most Recent Quarter (mrq),"Jun 30, 2021"
2058,STLA.MI,Profit Margin,7.35%
2059,STLA.MI,Operating Margin (ttm),9.53%
2060,STLA.MI,Return on Assets (ttm),5.99%
2061,STLA.MI,Return on Equity (ttm),20.44%
2062,STLA.MI,Revenue (ttm),113.73B
2063,STLA.MI,Revenue Per Share (ttm),56.86
2064,STLA.MI,Quarterly Revenue Growth (yoy),270.20%
2065,STLA.MI,Gross Profit (ttm),11.15B
2066,STLA.MI,EBITDA,14.03B
2067,STLA.MI,Net Income Avi to Common (ttm),6.95B
2068,STLA.MI,Diluted EPS (ttm),4.05
2069,STLA.MI,Quarterly Earnings Growth (yoy),"1,039.50%"
2070,STLA.MI,Total Cash (mrq),41.67B
2071,STLA.MI,Total Cash Per Share (mrq),13.31
2072,STLA.MI,Total Debt (mrq),31.36B
2073,STLA.MI,Total Debt/Equity (mrq),67.10
2074,STLA.MI,Current Ratio (mrq),1.12
2075,STLA.MI,Book Value Per Share (mrq),14.80
2076,STLA.MI,Operating Cash Flow (ttm),14.56B
2077,STLA.MI,Levered Free Cash Flow (ttm),21.26B
2078,TTE.PA,Avg Vol (3 month) 3,6.98M
2079,TTE.PA,Avg Vol (10 day) 3,8.61M
2080,TTE.PA,Shares Outstanding 5,2.61B
2082,TTE.PA,Float 8,2.53B
2083,TTE.PA,% Held by Insiders 1,6.44%
2084,TTE.PA,% Held by Institutions 1,47.27%
2090,TTE.PA,Forward Annual Dividend Rate 4,2.64
2091,TTE.PA,Forward Annual Dividend Yield 4,5.24%
2092,TTE.PA,Trailing Annual Dividend Rate 3,3.10
2093,TTE.PA,Trailing Annual Dividend Yield 3,6.17%
2094,TTE.PA,5 Year Average Dividend Yield 4,6.06
2095,TTE.PA,Payout Ratio 4,77.25%
2097,TTE.PA,Ex-Dividend Date 4,"Mar 22, 2022"
2100,TTE.PA,Fiscal Year Ends,"Dec 31, 2020"
2101,TTE.PA,Most Recent Quarter (mrq),"Sep 30, 2021"
2102,TTE.PA,Profit Margin,6.86%
2103,TTE.PA,Operating Margin (ttm),9.86%
2104,TTE.PA,Return on Assets (ttm),3.60%
2105,TTE.PA,Return on Equity (ttm),10.44%
2106,TTE.PA,Revenue (ttm),161.68B
2107,TTE.PA,Revenue Per Share (ttm),59.10
2108,TTE.PA,Quarterly Revenue Growth (yoy),80.30%
2109,TTE.PA,Gross Profit (ttm),44.03B
2110,TTE.PA,EBITDA,29.31B
2111,TTE.PA,Net Income Avi to Common (ttm),11.09B
2112,TTE.PA,Diluted EPS (ttm),3.46
2113,TTE.PA,Quarterly Earnings Growth (yoy),"2,199.50%"
2114,TTE.PA,Total Cash (mrq),32.88B
2115,TTE.PA,Total Cash Per Share (mrq),12.45
2116,TTE.PA,Total Debt (mrq),67.78B
2117,TTE.PA,Total Debt/Equity (mrq),59.87
2118,TTE.PA,Current Ratio (mrq),1.16
2119,TTE.PA,Book Value Per Share (mrq),41.67
2120,TTE.PA,Operating Cash Flow (ttm),24.46B
2121,TTE.PA,Levered Free Cash Flow (ttm),9.04B
2122,UMG.AS,Avg Vol (3 month) 3,2.49M
2123,UMG.AS,Avg Vol (10 day) 3,2.75M
2124,UMG.AS,Shares Outstanding 5,1.81B
2126,UMG.AS,Float 8,760.89M
2127,UMG.AS,% Held by Insiders 1,48.05%
2128,UMG.AS,% Held by Institutions 1,22.54%
2134,UMG.AS,Forward Annual Dividend Rate 4,0.4
2135,UMG.AS,Forward Annual Dividend Yield 4,1.63%
2136,UMG.AS,Trailing Annual Dividend Rate 3,0.20
2137,UMG.AS,Trailing Annual Dividend Yield 3,0.87%
2139,UMG.AS,Payout Ratio 4,0.00%
2141,UMG.AS,Ex-Dividend Date 4,"Oct 25, 2021"
2144,UMG.AS,Fiscal Year Ends,"Dec 31, 2020"
2145,UMG.AS,Most Recent Quarter (mrq),"Jun 30, 2021"
2146,UMG.AS,Profit Margin,13.88%
2147,UMG.AS,Operating Margin (ttm),18.03%
2150,UMG.AS,Revenue (ttm),7.8B
2151,UMG.AS,Revenue Per Share (ttm),4.30
2152,UMG.AS,Quarterly Revenue Growth (yoy),19.60%
2153,UMG.AS,Gross Profit (ttm),3.52B
2154,UMG.AS,EBITDA,1.6B
2155,UMG.AS,Net Income Avi to Common (ttm),1.08B
2156,UMG.AS,Diluted EPS (ttm),0.59
2157,UMG.AS,Quarterly Earnings Growth (yoy),-50.90%
2158,UMG.AS,Total Cash (mrq),936M
2159,UMG.AS,Total Cash Per Share (mrq),0.52
2160,UMG.AS,Total Debt (mrq),3.44B
2161,UMG.AS,Total Debt/Equity (mrq),231.07
2162,UMG.AS,Current Ratio (mrq),0.42
2163,UMG.AS,Book Value Per Share (mrq),0.82
2164,UMG.AS,Operating Cash Flow (ttm),230M
2166,DG.PA,Beta (5Y Monthly),1.08
2169,DG.PA,52 Week High 3,100.82
2170,DG.PA,52 Week Low 3,82.94
2171,DG.PA,50-Day Moving Average 3,92.04
2172,DG.PA,200-Day Moving Average 3,91.68
2173,DG.PA,Avg Vol (3 month) 3,1.28M
2174,DG.PA,Avg Vol (10 day) 3,1.43M
2175,DG.PA,Shares Outstanding 5,567.98M
2177,DG.PA,Float 8,519.1M
2178,DG.PA,% Held by Insiders 1,8.94%
2179,DG.PA,% Held by Institutions 1,38.05%
2185,DG.PA,Forward Annual Dividend Rate 4,2.69
2186,DG.PA,Forward Annual Dividend Yield 4,2.84%
2187,DG.PA,Trailing Annual Dividend Rate 3,2.69
2188,DG.PA,Trailing Annual Dividend Yield 3,2.75%
2189,DG.PA,5 Year Average Dividend Yield 4,2.75
2190,DG.PA,Payout Ratio 4,52.04%
2192,DG.PA,Ex-Dividend Date 4,"Nov 16, 2021"
2193,DG.PA,Last Split Factor 2,2:1
2194,DG.PA,Last Split Date 3,"May 17, 2007"
2195,DG.PA,Fiscal Year Ends,"Dec 31, 2020"
2196,DG.PA,Most Recent Quarter (mrq),"Jun 30, 2021"
2197,DG.PA,Profit Margin,4.60%
2198,DG.PA,Operating Margin (ttm),8.13%
2199,DG.PA,Return on Assets (ttm),2.73%
2200,DG.PA,Return on Equity (ttm),8.16%
2201,DG.PA,Revenue (ttm),48.22B
2202,DG.PA,Revenue Per Share (ttm),85.50
2203,DG.PA,Quarterly Revenue Growth (yoy),21.70%
2204,DG.PA,Gross Profit (ttm),4.84B
2205,DG.PA,EBITDA,6.47B
2206,DG.PA,Net Income Avi to Common (ttm),2.22B
2207,DG.PA,Diluted EPS (ttm),3.87
2209,DG.PA,Total Cash (mrq),10.45B
2210,DG.PA,Total Cash Per Share (mrq),18.25
2211,DG.PA,Total Debt (mrq),32.09B
2212,DG.PA,Total Debt/Equity (mrq),138.13
2213,DG.PA,Current Ratio (mrq),0.96
2214,DG.PA,Book Value Per Share (mrq),37.25
2215,DG.PA,Operating Cash Flow (ttm),7.15B
2216,DG.PA,Levered Free Cash Flow (ttm),4.46B
2217,VOW.DE,Beta (5Y Monthly),1.46
2220,VOW.DE,52 Week High 3,357.4
2221,VOW.DE,52 Week Low 3,179.6
2222,VOW.DE,50-Day Moving Average 3,264.06
2223,VOW.DE,200-Day Moving Average 3,276.63
2224,VOW.DE,Avg Vol (3 month) 3,49.04k
2225,VOW.DE,Avg Vol (10 day) 3,50.11k
2226,VOW.DE,Shares Outstanding 5,295.09M
2228,VOW.DE,Float 8,234.83M
2229,VOW.DE,% Held by Insiders 1,73.31%
2230,VOW.DE,% Held by Institutions 1,18.71%
2236,VOW.DE,Forward Annual Dividend Rate 4,4.8
2237,VOW.DE,Forward Annual Dividend Yield 4,1.75%
2238,VOW.DE,Trailing Annual Dividend Rate 3,4.86
2239,VOW.DE,Trailing Annual Dividend Yield 3,1.89%
2241,VOW.DE,Payout Ratio 4,13.51%
2243,VOW.DE,Ex-Dividend Date 4,"Jul 23, 2021"
2246,VOW.DE,Fiscal Year Ends,"Dec 31, 2020"
2247,VOW.DE,Most Recent Quarter (mrq),"Sep 30, 2021"
2248,VOW.DE,Profit Margin,7.23%
2249,VOW.DE,Operating Margin (ttm),9.54%
2250,VOW.DE,Return on Assets (ttm),2.98%
2251,VOW.DE,Return on Equity (ttm),13.97%
2252,VOW.DE,Revenue (ttm),254B
2253,VOW.DE,Revenue Per Share (ttm),506.68
2254,VOW.DE,Quarterly Revenue Growth (yoy),-4.10%
2255,VOW.DE,Gross Profit (ttm),36.7B
2256,VOW.DE,EBITDA,28.46B
2257,VOW.DE,Net Income Avi to Common (ttm),17.82B
2258,VOW.DE,Diluted EPS (ttm),35.54
2259,VOW.DE,Quarterly Earnings Growth (yoy),6.10%
2260,VOW.DE,Total Cash (mrq),40.66B
2261,VOW.DE,Total Cash Per Share (mrq),81.11
2262,VOW.DE,Total Debt (mrq),205.86B
2263,VOW.DE,Total Debt/Equity (mrq),145.32
2264,VOW.DE,Current Ratio (mrq),1.18
2265,VOW.DE,Book Value Per Share (mrq),279.15
2266,VOW.DE,Operating Cash Flow (ttm),35.51B
2267,VOW.DE,Levered Free Cash Flow (ttm),16.75B
2268,VNA.DE,Beta (5Y Monthly),0.44
2271,VNA.DE,52 Week High 3,60.96
2272,VNA.DE,52 Week Low 3,46.28
2273,VNA.DE,50-Day Moving Average 3,48.82
2274,VNA.DE,200-Day Moving Average 3,52.86
2275,VNA.DE,Avg Vol (3 month) 3,2.37M
2276,VNA.DE,Avg Vol (10 day) 3,2.09M
2277,VNA.DE,Shares Outstanding 5,776.6M
2279,VNA.DE,Float 8,575.26M
2280,VNA.DE,% Held by Insiders 1,0.00%
2281,VNA.DE,% Held by Institutions 1,49.62%
2287,VNA.DE,Forward Annual Dividend Rate 4,1.58
2288,VNA.DE,Forward Annual Dividend Yield 4,3.24%
2289,VNA.DE,Trailing Annual Dividend Rate 3,1.69
2290,VNA.DE,Trailing Annual Dividend Yield 3,3.35%
2291,VNA.DE,5 Year Average Dividend Yield 4,3.02
2292,VNA.DE,Payout Ratio 4,18.44%
2294,VNA.DE,Ex-Dividend Date 4,"Apr 19, 2021"
2295,VNA.DE,Last Split Factor 2,2:1
2296,VNA.DE,Last Split Date 3,"Jun 14, 2017"
2297,VNA.DE,Fiscal Year Ends,"Dec 31, 2020"
2298,VNA.DE,Most Recent Quarter (mrq),"Sep 30, 2021"
2299,VNA.DE,Profit Margin,122.32%
2300,VNA.DE,Operating Margin (ttm),34.81%
2301,VNA.DE,Return on Assets (ttm),1.10%
2302,VNA.DE,Return on Equity (ttm),20.41%
2303,VNA.DE,Revenue (ttm),4.28B
2304,VNA.DE,Revenue Per Share (ttm),7.52
2305,VNA.DE,Quarterly Revenue Growth (yoy),7.00%
2306,VNA.DE,Gross Profit (ttm),2.48B
2307,VNA.DE,EBITDA,1.75B
2308,VNA.DE,Net Income Avi to Common (ttm),5.19B
2309,VNA.DE,Diluted EPS (ttm),9.13
2310,VNA.DE,Quarterly Earnings Growth (yoy),342.20%
2311,VNA.DE,Total Cash (mrq),2.17B
2312,VNA.DE,Total Cash Per Share (mrq),3.78
2313,VNA.DE,Total Debt (mrq),46.7B
2314,VNA.DE,Total Debt/Equity (mrq),162.57
2315,VNA.DE,Current Ratio (mrq),0.39
2316,VNA.DE,Book Value Per Share (mrq),47.85
2317,VNA.DE,Operating Cash Flow (ttm),1.44B
2318,VNA.DE,Levered Free Cash Flow (ttm),8.66B
